,Aroma,Flavor,Aftertaste,Acidity,Body,Balance,Uniformity,Clean.Cup,Sweetness,Cupper.Points
1,8.67,8.83,8.67,8.75,8.5,8.42,10.0,10.0,10.0,8.75
2,8.75,8.67,8.5,8.58,8.42,8.42,10.0,10.0,10.0,8.58
3,8.42,8.5,8.42,8.42,8.33,8.42,10.0,10.0,10.0,9.25
4,8.17,8.58,8.42,8.42,8.5,8.25,10.0,10.0,10.0,8.67
5,8.25,8.5,8.25,8.5,8.42,8.33,10.0,10.0,10.0,8.58
6,8.58,8.42,8.42,8.5,8.25,8.33,10.0,10.0,10.0,8.33
7,8.42,8.5,8.33,8.5,8.25,8.25,10.0,10.0,10.0,8.5
8,8.25,8.33,8.5,8.42,8.33,8.5,10.0,10.0,9.33,9.0
9,8.67,8.67,8.58,8.42,8.33,8.42,9.33,10.0,9.33,8.67
10,8.08,8.58,8.5,8.5,7.67,8.42,10.0,10.0,10.0,8.5
11,8.17,8.67,8.25,8.5,7.75,8.17,10.0,10.0,10.0,8.58
12,8.25,8.42,8.17,8.33,8.08,8.17,10.0,10.0,10.0,8.5
13,8.08,8.67,8.33,8.42,8.0,8.08,10.0,10.0,10.0,8.33
14,8.33,8.42,8.08,8.25,8.25,8.0,10.0,10.0,10.0,8.58
15,8.25,8.33,8.5,8.25,8.58,8.75,9.33,10.0,9.33,8.5
16,8.0,8.5,8.58,8.17,8.17,8.0,10.0,10.0,10.0,8.17
17,8.33,8.25,7.83,7.75,8.5,8.42,10.0,10.0,10.0,8.33
18,8.17,8.33,8.25,8.33,8.42,8.33,9.33,10.0,9.33,8.83
19,8.42,8.25,8.08,8.17,7.92,8.0,10.0,10.0,10.0,8.42
20,8.17,8.17,8.0,8.17,8.08,8.33,10.0,10.0,10.0,8.33
21,8.0,8.25,8.08,8.5,8.25,8.0,10.0,10.0,10.0,8.17
22,8.08,8.25,8.0,8.17,8.0,8.33,10.0,10.0,10.0,8.33
23,8.17,8.25,8.17,8.0,7.83,8.17,10.0,10.0,10.0,8.58
24,8.25,8.33,8.17,8.17,7.83,8.17,10.0,10.0,10.0,8.17
25,8.42,8.17,7.92,8.17,8.33,8.0,10.0,10.0,10.0,8.08
26,8.5,8.5,8.0,8.0,8.0,8.0,10.0,10.0,10.0,7.92
27,7.83,8.25,8.08,8.17,8.17,8.17,10.0,10.0,10.0,8.25
28,8.42,8.17,8.17,8.17,7.83,7.92,10.0,10.0,10.0,8.17
29,8.17,8.08,8.08,8.0,8.08,8.0,10.0,10.0,10.0,8.25
30,8.0,8.0,8.0,8.25,8.0,8.17,10.0,10.0,10.0,8.17
31,7.92,8.25,8.0,8.33,8.0,8.08,10.0,10.0,10.0,8.0
32,8.42,8.17,8.17,8.0,7.58,8.0,10.0,10.0,10.0,8.17
33,8.5,8.17,8.0,7.75,8.0,8.0,10.0,10.0,10.0,8.0
34,8.17,7.83,8.0,8.08,7.83,8.0,10.0,10.0,10.0,8.42
35,8.0,8.08,7.92,8.0,8.08,8.08,10.0,10.0,10.0,8.08
36,8.08,8.0,8.0,8.25,7.92,7.92,10.0,10.0,10.0,8.08
37,8.08,8.17,8.0,7.92,7.92,7.83,10.0,10.0,10.0,8.33
38,8.25,8.42,8.08,7.75,7.67,7.83,10.0,10.0,10.0,8.25
39,7.92,7.75,8.08,8.08,8.08,8.17,10.0,10.0,10.0,8.17
40,7.67,8.17,8.0,8.0,8.17,8.08,10.0,10.0,10.0,8.08
41,7.83,8.33,7.83,8.25,7.58,7.92,10.0,10.0,10.0,8.42
42,8.17,7.92,7.92,7.75,8.33,8.0,10.0,10.0,10.0,8.08
43,8.42,7.92,8.0,7.75,7.92,8.0,10.0,10.0,10.0,8.17
44,8.08,8.17,7.75,8.08,7.75,7.83,10.0,10.0,10.0,8.42
45,8.08,8.08,8.0,8.0,7.83,8.08,10.0,10.0,10.0,8.0
46,8.33,8.0,8.0,8.0,7.75,8.0,10.0,10.0,10.0,8.0
47,8.08,8.08,7.83,7.92,8.08,7.92,10.0,10.0,10.0,8.08
48,7.75,7.92,7.83,8.08,8.08,8.17,10.0,10.0,10.0,8.17
49,7.92,8.17,7.83,8.5,7.5,7.92,10.0,10.0,10.0,8.17
50,8.25,8.0,7.83,8.08,8.0,7.92,10.0,10.0,10.0,7.92
51,7.75,8.08,8.0,8.25,8.0,8.0,10.0,10.0,10.0,7.92
52,8.33,8.17,7.75,8.0,7.75,7.83,10.0,10.0,10.0,8.17
53,7.92,8.08,7.92,8.08,8.08,7.83,10.0,10.0,10.0,8.0
54,8.17,8.17,7.92,8.08,7.83,7.75,10.0,10.0,10.0,8.0
55,8.0,8.0,8.0,8.17,7.83,8.0,10.0,10.0,10.0,7.92
56,8.0,8.0,7.92,8.08,7.83,8.0,10.0,10.0,10.0,8.0
57,7.83,8.08,7.92,8.08,8.0,7.92,10.0,10.0,10.0,8.0
58,7.83,8.0,8.0,8.17,7.83,8.0,10.0,10.0,10.0,8.0
59,8.0,8.0,7.83,8.33,7.83,7.83,10.0,10.0,10.0,8.0
60,7.83,8.0,7.83,8.17,7.92,8.0,10.0,10.0,10.0,8.0
61,8.0,8.0,8.0,8.08,7.92,7.75,10.0,10.0,10.0,8.0
62,8.33,8.42,7.83,8.33,8.0,8.25,9.33,9.33,10.0,7.92
63,7.92,8.17,8.0,7.92,7.75,7.83,10.0,10.0,10.0,8.0
64,7.83,8.0,8.0,7.75,7.92,8.17,10.0,10.0,10.0,7.92
65,7.83,8.0,7.92,7.75,8.08,8.0,10.0,10.0,10.0,8.0
66,8.0,7.75,7.83,7.83,7.67,8.58,10.0,10.0,10.0,7.83
67,7.92,7.92,7.83,8.08,7.83,7.92,10.0,10.0,10.0,8.0
68,7.83,8.0,7.83,7.92,7.83,8.08,10.0,10.0,10.0,8.0
69,8.33,7.92,7.67,7.92,7.67,7.92,10.0,10.0,10.0,8.08
70,8.0,7.83,7.67,8.33,7.83,8.0,10.0,10.0,10.0,7.83
71,7.75,7.83,7.83,8.17,7.92,7.83,10.0,10.0,10.0,8.08
72,8.08,8.0,7.83,7.67,8.0,7.83,10.0,10.0,10.0,8.0
73,7.92,7.92,7.75,7.92,7.75,7.92,10.0,10.0,10.0,8.25
74,8.0,8.0,8.0,7.67,7.75,8.0,10.0,10.0,10.0,8.0
75,8.08,7.83,7.83,8.08,7.83,7.83,10.0,10.0,10.0,7.92
76,8.0,8.0,8.0,7.83,7.83,7.75,10.0,10.0,10.0,7.92
77,7.83,7.75,7.83,7.67,7.83,8.58,10.0,10.0,10.0,7.83
78,7.92,8.08,8.0,7.92,8.0,8.08,10.0,10.0,9.33,8.0
79,8.0,7.58,7.58,7.67,8.08,8.5,10.0,10.0,10.0,7.92
80,7.83,8.08,7.75,8.08,7.92,7.75,10.0,10.0,10.0,7.92
81,8.0,7.92,7.92,8.08,7.83,7.75,10.0,10.0,10.0,7.83
82,7.83,7.83,7.92,8.08,7.75,7.83,10.0,10.0,10.0,8.08
83,7.92,7.83,7.75,8.33,7.75,7.75,10.0,10.0,10.0,8.0
84,8.0,7.92,7.75,8.0,7.92,7.83,10.0,10.0,10.0,7.83
85,8.17,7.92,7.83,8.0,7.58,7.83,10.0,10.0,10.0,7.92
86,7.58,8.08,7.92,7.83,8.0,7.92,10.0,10.0,10.0,7.92
87,7.75,7.83,7.67,8.0,8.08,7.83,10.0,10.0,10.0,8.0
88,8.25,8.0,7.67,7.92,7.75,7.67,10.0,10.0,10.0,7.92
89,7.75,8.0,7.58,8.0,8.0,7.92,10.0,10.0,10.0,7.83
90,8.17,7.83,7.58,8.08,8.0,7.75,10.0,10.0,10.0,7.67
91,8.42,8.0,7.42,8.0,7.92,7.92,9.33,10.0,10.0,8.08
92,7.58,7.83,7.83,7.92,7.83,8.17,10.0,10.0,10.0,7.92
93,7.83,8.0,7.75,7.75,7.83,7.83,10.0,10.0,10.0,8.08
94,8.08,8.17,7.92,8.0,8.08,8.0,9.33,9.33,10.0,8.17
95,7.67,8.0,7.83,8.0,7.92,7.83,10.0,10.0,10.0,7.83
96,7.5,7.92,8.25,7.83,7.92,7.75,10.0,10.0,10.0,7.92
97,8.17,7.92,7.75,7.75,7.67,7.75,10.0,10.0,10.0,8.0
98,8.0,7.92,7.75,7.92,7.75,7.83,10.0,10.0,10.0,7.83
99,7.83,8.0,7.58,7.92,7.92,7.83,10.0,10.0,10.0,7.92
100,7.83,8.0,7.83,7.75,7.67,7.83,10.0,10.0,10.0,8.08
101,8.17,7.83,7.92,7.75,7.67,7.83,10.0,10.0,10.0,7.83
102,7.75,7.83,7.75,8.08,8.0,7.75,10.0,10.0,10.0,7.83
103,8.0,8.0,7.83,7.83,7.67,7.67,10.0,10.0,10.0,8.0
104,7.92,8.17,7.75,8.08,7.42,7.83,10.0,10.0,10.0,7.83
105,7.75,7.92,7.75,7.75,8.0,8.0,10.0,10.0,10.0,7.83
106,7.83,8.08,7.67,8.0,7.75,7.67,10.0,10.0,10.0,8.0
107,7.92,7.92,7.67,7.83,7.92,7.83,10.0,10.0,10.0,7.83
108,7.92,7.83,7.75,7.83,7.75,8.0,10.0,10.0,10.0,7.83
109,7.67,7.83,8.0,7.58,8.0,7.92,10.0,10.0,10.0,7.92
110,8.0,7.83,7.83,7.92,7.75,7.75,10.0,10.0,10.0,7.83
111,7.75,7.92,7.83,7.75,7.75,8.0,10.0,10.0,10.0,7.92
112,7.75,8.0,7.75,7.83,7.5,7.92,10.0,10.0,10.0,8.17
113,8.0,7.92,7.75,7.75,8.0,7.75,10.0,10.0,10.0,7.75
114,8.0,8.0,7.75,8.0,7.5,7.75,10.0,10.0,10.0,7.92
115,8.0,7.67,7.83,8.17,7.92,7.75,10.0,10.0,10.0,7.58
116,7.92,7.58,7.83,7.83,7.83,7.83,10.0,10.0,10.0,8.0
117,7.75,7.92,7.67,7.67,8.25,7.75,10.0,10.0,10.0,7.83
118,7.67,7.75,7.75,7.75,7.83,8.0,10.0,10.0,10.0,8.08
119,7.75,7.92,7.83,7.92,7.75,7.67,10.0,10.0,10.0,8.0
120,7.42,7.92,7.92,8.0,7.83,7.83,10.0,10.0,10.0,7.92
121,7.75,7.75,7.75,7.75,8.0,7.75,10.0,10.0,10.0,8.0
122,7.92,7.83,7.58,7.92,7.75,7.83,10.0,10.0,10.0,7.92
123,7.83,7.75,8.0,7.67,7.67,7.67,10.0,10.0,10.0,8.17
124,7.75,8.0,8.0,8.33,7.67,7.92,10.0,10.0,9.33,7.75
125,7.83,7.58,7.58,7.83,7.75,7.67,10.0,10.0,10.0,8.5
126,7.83,7.83,7.5,8.0,7.83,7.67,10.0,10.0,10.0,8.0
127,7.92,7.83,7.75,7.75,7.75,7.75,10.0,10.0,10.0,7.92
128,7.75,7.75,7.75,7.42,8.08,7.83,10.0,10.0,10.0,8.08
129,8.08,7.75,7.67,7.83,7.5,7.92,10.0,10.0,10.0,7.92
130,7.75,7.83,7.58,8.0,7.92,7.75,10.0,10.0,10.0,7.83
131,8.17,8.0,7.83,7.17,7.83,7.75,10.0,10.0,10.0,7.92
132,8.08,7.83,7.75,7.83,7.58,7.67,10.0,10.0,10.0,7.92
133,7.67,7.58,7.75,7.75,7.67,8.58,10.0,10.0,10.0,7.67
134,8.0,7.58,7.83,7.75,7.75,7.75,10.0,10.0,10.0,8.0
135,8.08,7.83,7.75,7.83,7.92,8.0,10.0,10.0,9.33,7.92
136,8.0,7.92,7.75,7.75,7.75,7.75,10.0,10.0,10.0,7.75
137,7.75,7.83,7.75,7.83,7.75,7.83,10.0,10.0,10.0,7.92
138,7.75,7.92,7.83,8.0,7.58,7.75,10.0,10.0,10.0,7.83
139,8.0,7.83,7.67,7.83,7.67,8.0,10.0,10.0,10.0,7.67
140,7.67,7.83,7.67,8.0,7.67,7.83,10.0,10.0,10.0,8.0
141,7.83,7.58,7.67,7.92,7.92,7.83,10.0,10.0,10.0,7.92
142,7.92,7.83,7.75,7.92,7.67,7.75,10.0,10.0,10.0,7.83
143,7.67,7.83,7.75,7.75,7.92,7.83,10.0,10.0,10.0,7.92
144,7.42,7.75,7.75,8.0,8.0,7.92,10.0,10.0,10.0,7.83
145,7.92,7.75,7.83,7.75,7.58,7.92,10.0,10.0,10.0,7.83
146,7.83,7.67,7.58,7.92,7.67,7.83,10.0,10.0,10.0,8.08
147,7.92,7.83,7.58,8.0,7.83,7.67,10.0,10.0,10.0,7.75
148,7.83,7.83,7.83,7.75,7.58,7.83,10.0,10.0,10.0,7.92
149,7.75,7.83,7.67,7.92,7.75,7.83,10.0,10.0,10.0,7.83
150,8.0,7.92,7.67,7.58,7.58,7.67,10.0,10.0,10.0,8.17
151,7.67,7.67,7.58,7.75,7.58,8.5,10.0,10.0,10.0,7.83
152,7.75,7.75,7.83,7.75,7.58,8.0,10.0,10.0,10.0,7.92
153,7.75,7.75,7.75,8.08,7.75,7.75,10.0,10.0,10.0,7.75
154,7.67,7.83,7.83,8.0,7.58,7.92,10.0,10.0,10.0,7.75
155,7.75,7.83,7.75,8.0,7.83,7.67,10.0,10.0,10.0,7.75
156,7.42,7.67,7.75,7.75,8.08,7.83,10.0,10.0,10.0,8.08
157,8.0,8.0,7.75,7.75,7.58,7.75,10.0,10.0,10.0,7.75
158,8.5,8.0,7.5,7.75,7.5,7.83,10.0,10.0,10.0,7.5
159,7.92,7.67,7.92,7.75,7.67,7.58,10.0,10.0,10.0,8.0
160,7.92,7.75,7.67,7.75,7.83,7.75,10.0,10.0,10.0,7.83
161,7.75,7.92,7.67,7.83,7.75,7.67,10.0,10.0,10.0,7.92
162,7.92,7.83,7.83,7.83,7.58,7.58,10.0,10.0,10.0,7.92
163,8.08,7.67,7.83,7.83,7.67,7.67,10.0,10.0,10.0,7.75
164,7.67,8.0,7.75,7.83,7.75,7.58,10.0,10.0,10.0,7.92
165,8.17,7.83,7.67,7.83,7.67,7.83,10.0,10.0,10.0,7.5
166,7.92,7.83,7.67,8.0,7.67,7.75,10.0,10.0,10.0,7.67
167,8.0,7.92,7.42,8.08,7.5,7.67,10.0,10.0,10.0,7.92
168,7.92,7.83,7.75,7.75,7.75,7.83,10.0,10.0,10.0,7.67
169,7.67,8.0,7.67,8.0,7.5,7.83,10.0,10.0,10.0,7.83
170,7.81,7.81,7.88,7.75,7.38,8.25,9.5,10.0,10.0,8.13
171,8.17,7.67,7.75,7.75,7.67,7.75,10.0,10.0,10.0,7.75
172,7.58,7.83,7.83,8.0,7.67,7.58,10.0,10.0,10.0,7.92
173,7.67,7.67,7.83,7.58,7.83,7.83,10.0,10.0,10.0,8.0
174,7.92,7.83,7.75,7.67,7.92,7.67,10.0,10.0,10.0,7.67
175,7.92,7.75,7.67,7.92,7.67,7.75,10.0,10.0,10.0,7.75
176,7.83,7.83,7.75,8.0,7.5,7.75,10.0,10.0,10.0,7.75
177,7.92,7.92,7.5,7.83,7.5,7.92,10.0,10.0,10.0,7.83
178,7.75,7.92,7.75,7.67,7.83,7.67,10.0,10.0,10.0,7.83
179,7.5,7.75,7.83,7.92,7.92,7.75,10.0,10.0,10.0,7.75
180,7.33,7.58,7.83,7.75,7.75,7.92,10.0,10.0,10.0,8.17
181,7.92,8.0,7.75,7.67,7.67,7.75,10.0,10.0,10.0,7.58
182,7.58,7.75,7.5,7.83,7.67,8.5,10.0,10.0,10.0,7.5
183,7.58,7.92,7.58,7.75,7.92,7.75,10.0,10.0,10.0,7.83
184,7.67,7.67,7.75,7.83,7.75,7.83,10.0,10.0,10.0,7.83
185,7.75,7.67,8.0,7.67,8.08,7.83,10.0,10.0,10.0,7.33
186,7.75,7.58,7.33,7.83,7.58,8.08,10.0,10.0,10.0,8.17
187,8.0,7.75,7.75,7.83,7.5,7.67,10.0,10.0,10.0,7.83
188,8.17,8.0,7.5,7.75,7.5,7.67,10.0,10.0,10.0,7.75
189,8.0,8.0,7.5,7.5,7.67,7.75,10.0,10.0,10.0,7.92
190,7.75,7.75,7.92,7.75,7.5,7.92,10.0,10.0,10.0,7.75
191,7.5,7.67,7.75,7.67,7.92,7.92,10.0,10.0,10.0,7.92
192,7.92,7.75,7.75,7.67,7.67,7.83,10.0,10.0,10.0,7.67
193,7.83,7.75,7.75,7.42,7.83,7.67,10.0,10.0,10.0,8.0
194,7.83,7.58,7.75,7.58,7.67,8.0,10.0,10.0,10.0,7.83
195,7.75,7.75,7.58,7.92,7.75,7.75,10.0,10.0,10.0,7.75
196,7.75,7.92,7.5,8.08,7.58,7.67,10.0,10.0,10.0,7.75
197,7.83,7.83,7.58,7.75,7.75,7.75,10.0,10.0,10.0,7.75
198,7.67,7.67,7.75,7.75,7.67,7.92,10.0,10.0,10.0,7.83
199,7.83,7.67,7.75,7.58,7.92,7.75,10.0,10.0,10.0,7.75
200,7.83,7.75,7.83,7.58,7.67,7.75,10.0,10.0,10.0,7.83
201,7.42,7.67,7.83,7.75,7.92,7.83,10.0,10.0,10.0,7.83
202,7.83,7.67,7.75,7.83,7.67,7.67,10.0,10.0,10.0,7.83
203,7.83,7.75,7.75,7.75,7.67,7.75,10.0,10.0,10.0,7.75
204,7.83,7.83,7.5,7.92,7.58,7.75,10.0,10.0,10.0,7.83
205,7.58,7.5,7.75,7.83,7.92,7.83,10.0,10.0,10.0,7.83
206,7.33,7.92,7.92,7.92,7.92,8.08,10.0,10.0,9.33,7.83
207,7.83,7.92,7.67,7.83,7.5,7.75,10.0,10.0,10.0,7.75
208,7.83,7.83,7.75,7.67,7.83,7.58,10.0,10.0,10.0,7.75
209,7.83,7.92,7.67,7.75,7.5,7.75,10.0,10.0,10.0,7.83
210,8.17,7.75,7.58,7.67,7.83,7.58,10.0,10.0,10.0,7.67
211,7.75,7.83,7.58,7.83,7.67,7.75,10.0,10.0,10.0,7.75
212,7.83,7.75,7.58,7.67,7.75,7.83,10.0,10.0,10.0,7.75
213,7.92,7.75,7.67,7.67,7.5,7.67,10.0,10.0,10.0,8.0
214,7.75,7.75,7.58,8.0,7.67,7.83,10.0,10.0,10.0,7.58
215,7.75,7.92,7.58,7.92,7.67,7.67,10.0,10.0,10.0,7.67
216,7.58,7.83,7.58,7.83,7.83,7.67,10.0,10.0,10.0,7.83
217,8.0,7.5,7.5,7.67,8.0,7.83,10.0,10.0,10.0,7.67
218,7.67,7.83,7.83,7.5,7.67,7.83,10.0,10.0,10.0,7.83
219,7.67,7.75,7.75,7.67,7.83,7.75,10.0,10.0,10.0,7.75
220,7.67,7.75,7.67,7.75,7.5,8.0,10.0,10.0,10.0,7.83
221,7.5,7.92,7.58,7.83,7.75,7.83,10.0,10.0,10.0,7.75
222,7.92,7.75,7.75,7.75,7.75,7.58,10.0,10.0,10.0,7.67
223,7.67,7.5,7.67,7.42,7.83,8.58,10.0,10.0,10.0,7.5
224,7.67,7.75,7.67,7.75,7.75,7.75,10.0,10.0,10.0,7.83
225,7.58,7.75,7.75,7.75,7.75,7.83,10.0,10.0,10.0,7.75
226,7.58,7.83,7.75,7.67,7.67,8.0,10.0,10.0,10.0,7.67
227,7.92,7.75,7.67,7.67,7.83,7.92,10.0,10.0,10.0,7.42
228,8.42,8.08,7.5,7.17,7.58,8.17,9.33,10.0,10.0,7.92
229,7.75,7.75,7.75,7.75,7.83,7.75,10.0,10.0,10.0,7.58
230,7.83,7.5,7.5,8.0,7.83,7.83,10.0,10.0,10.0,7.67
231,7.83,7.75,7.5,7.83,7.83,7.75,10.0,10.0,10.0,7.67
232,7.81,7.88,7.56,7.75,7.63,7.75,10.0,10.0,10.0,7.75
233,7.83,7.5,7.42,7.5,7.83,8.5,10.0,10.0,10.0,7.5
234,7.58,7.67,7.67,7.67,7.75,7.83,10.0,10.0,10.0,7.92
235,8.0,7.75,7.5,7.58,7.92,7.67,10.0,10.0,10.0,7.67
236,7.92,7.75,7.67,7.75,7.67,7.67,10.0,10.0,10.0,7.67
237,7.58,7.75,7.67,8.0,7.75,7.67,10.0,10.0,10.0,7.67
238,7.83,7.75,7.83,7.83,7.42,8.08,9.33,10.0,10.0,8.0
239,7.67,7.75,7.67,7.75,7.67,7.75,10.0,10.0,10.0,7.83
240,7.92,7.92,7.83,8.0,7.92,7.92,10.0,10.0,8.67,7.92
241,7.58,7.75,7.67,7.75,7.83,7.75,10.0,10.0,10.0,7.67
242,7.83,7.75,7.67,7.75,7.33,7.75,10.0,10.0,10.0,7.92
243,7.42,7.83,7.75,7.92,7.75,7.58,10.0,10.0,10.0,7.75
244,7.67,7.83,7.58,7.92,7.75,7.67,10.0,10.0,10.0,7.58
245,7.67,7.67,7.83,7.58,7.58,7.83,10.0,10.0,10.0,7.83
246,7.92,7.67,7.42,7.92,7.75,7.83,10.0,10.0,10.0,7.5
247,7.75,7.83,7.5,7.83,7.58,7.67,10.0,10.0,10.0,7.83
248,7.67,7.75,7.67,7.67,7.67,7.75,10.0,10.0,10.0,7.83
249,7.58,7.42,7.75,7.92,7.75,7.92,10.0,10.0,10.0,7.67
250,7.67,7.67,7.5,7.5,7.67,7.67,10.0,10.0,10.0,8.33
251,7.75,7.75,7.5,7.58,7.67,7.92,10.0,10.0,10.0,7.83
252,7.58,7.83,7.67,7.25,8.0,7.75,10.0,10.0,10.0,7.92
253,7.67,7.83,7.67,7.75,7.67,7.75,10.0,10.0,10.0,7.67
254,7.67,7.83,7.5,7.75,7.92,7.67,10.0,10.0,10.0,7.67
255,7.92,8.17,8.17,8.42,8.08,8.17,8.67,8.67,9.33,8.42
256,7.67,7.75,7.67,7.75,7.83,7.67,10.0,10.0,10.0,7.67
257,7.92,7.75,7.58,7.67,7.67,7.83,10.0,10.0,10.0,7.58
258,7.58,7.75,7.58,7.75,7.58,7.75,10.0,10.0,10.0,8.0
259,7.5,7.75,7.58,7.5,7.58,7.5,10.0,10.0,10.0,8.5
260,7.83,7.83,7.58,7.92,7.42,7.5,10.0,10.0,10.0,7.83
261,7.67,7.75,7.5,7.67,7.67,7.83,10.0,10.0,10.0,7.83
262,7.58,7.67,7.67,7.75,7.58,7.83,10.0,10.0,10.0,7.83
263,7.83,7.75,7.83,7.75,7.83,7.75,9.33,10.0,10.0,7.83
264,7.75,7.67,7.5,7.75,7.83,7.75,10.0,10.0,10.0,7.67
265,7.75,7.58,7.5,7.83,7.75,7.92,10.0,10.0,10.0,7.58
266,7.75,7.75,7.58,7.75,7.75,7.67,10.0,10.0,10.0,7.67
267,7.92,7.67,7.5,7.83,7.58,7.67,10.0,10.0,10.0,7.75
268,7.83,7.75,7.58,7.58,7.75,7.75,10.0,10.0,10.0,7.67
269,7.75,7.58,7.67,7.83,7.83,7.67,10.0,10.0,10.0,7.58
270,8.0,7.92,7.92,7.92,7.67,7.33,10.0,10.0,10.0,7.17
271,7.67,7.83,7.67,7.75,7.67,7.83,10.0,10.0,10.0,7.5
272,7.67,7.75,7.58,7.67,7.75,7.83,10.0,10.0,10.0,7.67
273,7.5,7.67,7.58,7.83,7.75,7.75,10.0,10.0,10.0,7.83
274,7.75,7.92,7.83,7.92,7.75,7.67,9.33,10.0,10.0,7.75
275,7.92,7.58,7.5,7.83,7.58,7.67,10.0,10.0,10.0,7.75
276,7.83,7.67,7.5,7.75,7.75,7.75,10.0,10.0,10.0,7.58
277,7.67,7.67,7.75,7.67,7.5,7.75,10.0,10.0,10.0,7.83
278,7.75,7.75,7.5,7.75,7.83,7.58,10.0,10.0,10.0,7.67
279,7.75,7.67,7.5,7.75,7.75,7.67,10.0,10.0,10.0,7.75
280,7.25,7.58,7.42,8.0,7.75,7.83,10.0,10.0,10.0,8.0
281,7.67,7.75,7.67,7.75,7.42,7.75,10.0,10.0,10.0,7.83
282,7.75,7.75,7.67,7.67,7.58,7.67,10.0,10.0,10.0,7.75
283,7.67,7.67,7.58,7.5,7.83,8.17,10.0,10.0,9.33,8.08
284,7.83,7.42,7.5,7.83,7.75,7.83,10.0,10.0,10.0,7.67
285,7.58,7.83,7.33,8.0,7.58,7.75,10.0,10.0,10.0,7.75
286,7.92,7.5,7.33,7.67,8.17,7.5,10.0,10.0,10.0,7.75
287,7.5,7.67,7.58,7.75,7.83,7.83,10.0,10.0,10.0,7.67
288,7.67,7.58,7.58,7.83,7.58,7.67,10.0,10.0,10.0,7.92
289,7.5,7.83,7.5,7.83,7.83,7.67,10.0,10.0,10.0,7.67
290,7.67,8.0,7.67,7.42,7.67,7.5,10.0,10.0,10.0,7.92
291,7.67,7.58,7.5,7.75,7.75,7.75,10.0,10.0,10.0,7.83
292,7.83,7.83,7.58,7.67,7.5,7.58,10.0,10.0,10.0,7.83
293,7.75,7.75,7.58,8.0,7.67,7.58,10.0,10.0,10.0,7.5
294,7.5,7.83,7.58,7.58,7.75,7.83,10.0,10.0,10.0,7.75
295,7.58,7.83,7.58,8.0,7.83,7.5,10.0,10.0,10.0,7.5
296,7.75,7.58,7.5,7.58,7.75,7.75,10.0,10.0,10.0,7.83
297,7.67,7.67,7.58,7.75,7.67,7.67,10.0,10.0,10.0,7.75
298,7.83,7.83,7.58,7.58,7.58,7.58,10.0,10.0,10.0,7.75
299,7.67,7.67,7.58,7.58,7.67,7.83,10.0,10.0,10.0,7.75
300,7.92,7.75,7.5,7.67,7.75,7.5,10.0,10.0,10.0,7.67
301,7.83,7.75,7.67,7.5,7.58,7.67,10.0,10.0,10.0,7.75
302,7.75,7.67,7.5,7.67,7.58,7.83,10.0,10.0,10.0,7.75
303,8.0,7.92,7.58,7.75,7.33,7.5,10.0,10.0,10.0,7.67
304,7.83,7.83,7.83,7.67,8.0,8.17,9.33,9.33,10.0,7.75
305,7.67,7.67,7.67,7.92,7.5,7.67,10.0,10.0,10.0,7.67
306,7.67,7.42,7.42,7.42,8.0,8.33,10.0,10.0,10.0,7.5
307,7.58,7.67,7.75,7.67,7.67,7.67,10.0,10.0,10.0,7.75
308,7.75,7.67,7.75,7.58,7.42,8.0,10.0,10.0,10.0,7.58
309,7.25,7.42,7.67,7.58,7.83,8.25,10.0,10.0,10.0,7.75
310,7.83,7.58,7.58,7.5,7.75,7.67,10.0,10.0,10.0,7.83
311,7.67,7.58,7.58,7.67,7.75,7.75,10.0,10.0,10.0,7.75
312,7.83,7.83,7.58,7.33,7.42,7.67,10.0,10.0,10.0,8.08
313,7.75,7.67,7.25,7.25,7.58,8.5,10.0,10.0,10.0,7.75
314,7.83,7.67,7.75,7.67,7.58,7.5,10.0,10.0,10.0,7.75
315,7.67,7.83,7.5,7.67,7.67,7.5,10.0,10.0,10.0,7.83
316,8.08,7.67,7.67,7.58,7.25,7.67,10.0,10.0,10.0,7.75
317,7.5,7.5,7.67,7.67,8.0,8.0,10.0,10.0,10.0,7.33
318,7.67,7.75,7.67,7.67,7.83,7.58,10.0,10.0,10.0,7.5
319,7.58,7.75,7.58,7.75,7.58,7.58,10.0,10.0,10.0,7.83
320,7.5,7.67,7.33,7.92,7.83,7.67,10.0,10.0,10.0,7.75
321,7.33,7.67,7.67,7.5,7.67,7.5,10.0,10.0,10.0,8.33
322,7.5,7.75,7.58,7.83,7.67,7.58,10.0,10.0,10.0,7.75
323,7.5,7.75,7.5,7.75,7.67,7.67,10.0,10.0,10.0,7.83
324,8.0,7.5,7.33,8.0,8.0,8.0,9.33,10.0,10.0,7.5
325,7.83,7.75,7.67,7.58,7.58,7.67,10.0,10.0,10.0,7.58
326,7.67,7.67,7.67,7.67,7.33,7.75,10.0,10.0,10.0,7.92
327,7.67,7.67,7.42,7.67,8.0,7.75,10.0,10.0,10.0,7.5
328,7.83,7.67,7.33,7.67,7.67,7.83,10.0,10.0,10.0,7.67
329,7.75,7.75,7.58,7.83,7.17,7.75,10.0,10.0,10.0,7.83
330,8.17,8.17,7.83,7.67,8.08,7.75,9.33,9.33,9.33,8.0
331,7.67,8.17,7.5,7.42,7.58,7.83,10.0,10.0,10.0,7.5
332,7.67,7.5,7.5,7.33,7.83,8.25,10.0,10.0,10.0,7.58
333,8.17,7.67,7.58,7.58,7.42,7.67,10.0,10.0,10.0,7.58
334,7.67,7.5,7.33,8.0,7.67,7.67,10.0,10.0,10.0,7.83
335,7.75,8.0,7.92,8.08,7.75,8.0,9.33,9.33,9.33,8.17
336,7.58,7.67,7.58,7.58,7.67,7.58,10.0,10.0,10.0,7.92
337,7.75,7.75,7.5,7.83,7.58,7.58,10.0,10.0,10.0,7.58
338,7.75,7.75,7.58,7.58,7.67,7.58,10.0,10.0,10.0,7.67
339,7.67,7.58,7.58,7.58,7.67,7.75,10.0,10.0,10.0,7.75
340,7.67,7.75,7.58,7.67,7.75,7.58,10.0,10.0,10.0,7.58
341,7.75,7.75,7.58,7.58,7.5,7.67,10.0,10.0,10.0,7.75
342,7.75,7.67,7.58,7.67,7.5,7.67,10.0,10.0,10.0,7.75
343,7.67,7.67,7.42,7.75,7.75,7.67,10.0,10.0,10.0,7.67
344,7.67,7.58,7.67,7.67,7.67,7.67,10.0,10.0,10.0,7.67
345,7.67,7.58,7.67,7.58,7.67,7.75,10.0,10.0,10.0,7.67
346,7.75,7.58,7.5,7.58,7.75,7.83,10.0,10.0,10.0,7.58
347,7.75,7.75,7.75,7.75,7.5,7.58,10.0,10.0,10.0,7.5
348,7.67,7.67,7.58,7.67,7.75,7.58,10.0,10.0,10.0,7.67
349,7.83,7.67,7.58,7.58,7.67,7.58,10.0,10.0,10.0,7.67
350,7.67,7.58,7.58,7.58,7.67,7.75,10.0,10.0,10.0,7.75
351,7.83,7.75,7.5,7.75,7.5,7.58,10.0,10.0,10.0,7.67
352,7.75,7.58,7.58,7.75,7.75,7.5,10.0,10.0,10.0,7.58
353,7.58,7.58,7.17,7.17,7.0,7.0,10.0,10.0,10.0,10.0
354,7.92,7.42,7.5,7.67,7.5,7.67,10.0,10.0,10.0,7.83
355,7.75,7.58,7.58,7.5,7.75,7.75,10.0,10.0,10.0,7.58
356,7.67,7.75,7.5,7.83,7.58,7.58,10.0,10.0,10.0,7.58
357,7.58,7.58,7.58,7.58,7.75,7.67,10.0,10.0,10.0,7.75
358,7.75,7.67,7.58,7.67,7.67,7.58,10.0,10.0,10.0,7.58
359,7.25,7.67,7.58,7.92,7.83,7.58,10.0,10.0,10.0,7.67
360,7.67,7.75,7.5,7.58,7.75,7.67,10.0,10.0,10.0,7.58
361,7.67,7.42,7.67,7.83,7.58,7.67,10.0,10.0,10.0,7.67
362,8.0,7.58,7.25,7.58,7.92,7.58,10.0,10.0,10.0,7.58
363,7.58,7.75,7.5,7.83,7.42,7.67,10.0,10.0,10.0,7.75
364,7.75,7.58,7.33,7.5,7.83,7.83,10.0,10.0,10.0,7.67
365,7.67,7.5,7.67,7.5,7.67,7.67,10.0,10.0,10.0,7.83
366,7.58,7.75,7.42,7.67,7.75,7.67,10.0,10.0,10.0,7.67
367,7.58,7.67,7.58,7.75,7.58,7.75,10.0,10.0,10.0,7.58
368,7.83,7.58,7.25,7.5,7.5,7.42,10.0,10.0,10.0,8.42
369,7.67,7.75,7.67,7.75,7.58,7.5,10.0,10.0,10.0,7.58
370,7.75,7.67,7.67,7.75,7.33,7.5,10.0,10.0,10.0,7.83
371,7.83,7.5,7.5,8.0,7.67,7.5,10.0,10.0,10.0,7.5
372,7.67,7.58,7.58,7.67,7.67,7.67,10.0,10.0,10.0,7.67
373,7.5,7.5,7.75,7.5,8.0,7.67,10.0,10.0,10.0,7.58
374,7.5,7.67,7.58,7.92,7.58,7.67,10.0,10.0,10.0,7.58
375,7.83,7.58,7.58,7.58,7.75,7.58,10.0,10.0,10.0,7.58
376,7.5,7.58,7.58,7.5,7.75,7.83,10.0,10.0,10.0,7.67
377,7.67,7.75,7.5,7.58,7.58,7.67,10.0,10.0,10.0,7.67
378,7.67,7.67,7.5,7.67,7.67,7.58,10.0,10.0,10.0,7.67
379,7.58,7.5,7.42,7.92,7.5,7.67,10.0,10.0,10.0,7.83
380,7.67,7.67,7.0,7.08,7.0,7.0,10.0,10.0,10.0,10.0
381,7.58,7.75,7.33,7.75,7.67,7.58,10.0,10.0,10.0,7.75
382,7.5,7.58,7.75,7.5,7.75,7.67,10.0,10.0,10.0,7.67
383,7.58,7.5,7.75,7.58,7.75,7.67,10.0,10.0,10.0,7.58
384,7.58,7.67,7.58,7.67,7.58,7.67,10.0,10.0,10.0,7.67
385,7.33,7.83,7.75,7.5,7.42,7.83,10.0,10.0,10.0,7.75
386,7.75,7.67,7.58,7.67,7.58,7.58,10.0,10.0,10.0,7.58
387,7.58,7.58,7.25,7.75,7.75,8.58,9.33,10.0,10.0,7.58
388,7.75,7.83,7.33,7.83,7.5,7.67,10.0,10.0,10.0,7.5
389,7.67,7.75,7.5,7.83,7.58,7.5,10.0,10.0,10.0,7.58
390,7.67,7.5,7.75,7.42,7.75,7.75,10.0,10.0,10.0,7.58
391,7.42,7.75,7.67,7.58,7.67,7.67,10.0,10.0,10.0,7.67
392,7.5,7.75,7.58,7.5,7.67,7.75,10.0,10.0,10.0,7.67
393,7.58,7.58,7.58,7.67,7.75,7.67,10.0,10.0,10.0,7.58
394,7.5,7.92,7.42,7.67,7.83,7.58,10.0,10.0,10.0,7.5
395,7.58,7.25,7.5,7.92,7.92,7.42,10.0,10.0,10.0,7.83
396,7.25,7.88,7.38,7.63,7.5,8.75,9.0,10.0,10.0,8.0
397,7.75,7.5,7.75,7.58,7.58,7.58,10.0,10.0,10.0,7.58
398,7.67,7.58,7.58,7.42,7.67,7.75,10.0,10.0,10.0,7.67
399,7.83,7.58,7.58,7.58,7.5,7.58,10.0,10.0,10.0,7.67
400,7.5,7.83,7.33,7.58,7.58,7.92,10.0,10.0,10.0,7.58
401,7.75,7.75,7.5,7.67,7.5,7.58,10.0,10.0,10.0,7.58
402,7.67,7.75,7.42,7.83,7.83,7.42,10.0,10.0,10.0,7.42
403,7.75,7.58,7.67,7.58,7.58,7.58,10.0,10.0,10.0,7.58
404,7.67,7.67,7.58,7.67,7.5,7.58,10.0,10.0,10.0,7.67
405,7.67,7.67,7.42,7.67,7.67,7.67,10.0,10.0,10.0,7.58
406,7.83,7.58,7.83,7.67,7.92,8.0,9.33,10.0,9.33,7.83
407,7.5,7.67,7.67,7.5,7.83,7.17,10.0,10.0,10.0,8.0
408,7.83,7.75,7.58,7.83,7.92,7.58,9.33,10.0,10.0,7.5
409,7.58,7.5,7.67,7.5,7.83,7.42,10.0,10.0,10.0,7.83
410,7.67,7.67,7.5,7.67,7.92,7.42,10.0,10.0,10.0,7.5
411,7.83,7.67,7.17,7.67,7.67,7.67,10.0,10.0,10.0,7.67
412,7.92,7.5,7.58,7.83,7.67,7.67,9.33,10.0,10.0,7.83
413,7.75,7.67,7.33,7.5,7.5,7.75,10.0,10.0,10.0,7.83
414,7.5,7.67,7.67,7.58,7.67,7.58,10.0,10.0,10.0,7.67
415,8.08,7.83,7.83,7.75,7.67,7.58,9.33,10.0,9.33,7.92
416,7.58,7.67,7.58,7.5,7.83,7.67,10.0,10.0,10.0,7.5
417,7.67,7.83,7.42,7.83,7.33,7.5,10.0,10.0,10.0,7.67
418,7.5,7.5,7.83,7.5,7.67,7.67,10.0,10.0,10.0,7.58
419,7.83,7.5,7.42,7.67,7.5,7.67,10.0,10.0,10.0,7.67
420,7.5,7.58,7.42,7.83,7.67,7.58,10.0,10.0,10.0,7.67
421,7.5,7.67,7.67,7.42,7.67,7.67,10.0,10.0,10.0,7.67
422,7.58,7.67,7.42,7.5,7.67,7.42,10.0,10.0,10.0,8.0
423,7.58,7.67,7.67,7.17,7.75,7.83,10.0,10.0,10.0,7.58
424,7.83,7.75,7.5,7.58,7.58,7.58,10.0,10.0,10.0,7.42
425,7.67,7.5,7.5,7.5,7.67,7.83,10.0,10.0,10.0,7.58
426,7.92,7.83,7.75,7.58,7.5,7.33,10.0,10.0,10.0,7.33
427,7.58,7.58,7.5,7.58,7.58,7.75,10.0,10.0,10.0,7.67
428,7.5,7.67,7.58,7.67,7.67,7.5,10.0,10.0,10.0,7.67
429,7.83,7.5,7.67,7.33,7.67,7.67,10.0,10.0,10.0,7.58
430,7.58,7.75,7.5,7.5,7.58,7.58,10.0,10.0,10.0,7.75
431,7.58,7.75,7.83,8.0,8.08,7.67,9.33,10.0,9.33,7.67
432,7.75,7.58,7.58,7.58,7.5,7.58,10.0,10.0,10.0,7.67
433,7.75,7.75,7.42,7.92,7.33,7.5,10.0,10.0,10.0,7.58
434,7.83,7.58,7.08,7.83,7.42,8.08,10.0,10.0,10.0,7.42
435,7.75,7.67,7.5,7.58,7.58,7.58,10.0,10.0,10.0,7.58
436,7.67,7.58,7.58,7.42,7.83,7.58,10.0,10.0,10.0,7.58
437,7.67,7.67,7.5,7.5,7.58,7.67,10.0,10.0,10.0,7.67
438,7.92,7.75,7.25,7.42,7.83,7.58,10.0,10.0,10.0,7.5
439,8.0,7.67,7.67,7.25,7.67,7.5,10.0,10.0,10.0,7.5
440,7.92,7.75,7.5,7.42,7.42,7.67,10.0,10.0,10.0,7.58
441,7.67,7.42,7.5,7.58,7.67,7.58,10.0,10.0,10.0,7.75
442,7.58,7.58,7.33,7.67,7.75,7.58,10.0,10.0,10.0,7.67
443,7.67,7.58,7.42,7.67,7.67,7.58,10.0,10.0,10.0,7.58
444,7.92,7.5,7.5,7.58,7.67,7.5,10.0,10.0,10.0,7.5
445,7.58,7.42,7.08,7.33,7.58,8.58,10.0,10.0,10.0,7.58
446,7.67,7.75,7.42,7.75,7.58,7.5,10.0,10.0,10.0,7.5
447,7.67,7.67,7.5,7.67,7.5,7.67,10.0,10.0,10.0,7.5
448,7.5,7.67,7.33,7.67,7.67,7.67,10.0,10.0,10.0,7.67
449,7.67,7.67,7.5,7.67,7.42,7.58,10.0,10.0,10.0,7.67
450,7.5,7.5,7.33,7.67,8.0,7.67,10.0,10.0,10.0,7.5
451,7.5,7.75,7.5,7.83,7.58,7.5,10.0,10.0,10.0,7.5
452,7.92,7.67,7.42,7.75,7.5,7.5,10.0,10.0,10.0,7.42
453,7.83,7.75,7.67,7.75,7.83,8.5,9.33,9.33,9.33,7.83
454,7.67,7.58,7.58,7.75,7.42,7.67,10.0,10.0,10.0,7.5
455,7.58,7.67,7.67,7.58,7.42,7.58,10.0,10.0,10.0,7.67
456,7.58,7.5,7.5,7.67,7.5,7.67,10.0,10.0,10.0,7.75
457,8.0,7.67,7.5,7.42,7.33,7.58,10.0,10.0,10.0,7.67
458,7.58,7.75,7.5,7.58,7.58,7.58,10.0,10.0,10.0,7.58
459,7.5,7.5,7.5,7.67,7.67,7.67,10.0,10.0,10.0,7.67
460,7.67,7.67,7.5,7.67,7.5,7.67,10.0,10.0,10.0,7.5
461,7.33,7.83,7.17,8.17,7.33,7.67,10.0,10.0,10.0,7.67
462,7.5,7.5,7.58,7.42,7.92,7.67,10.0,10.0,10.0,7.58
463,7.58,7.5,7.58,7.75,7.58,7.58,10.0,10.0,10.0,7.58
464,7.67,7.83,7.33,7.67,7.5,7.67,10.0,10.0,10.0,7.5
465,7.75,7.58,7.58,7.58,7.5,7.42,10.0,10.0,10.0,7.75
466,7.75,7.67,7.58,7.5,7.42,7.58,10.0,10.0,10.0,7.67
467,7.58,7.75,7.42,7.67,7.5,7.58,10.0,10.0,10.0,7.67
468,7.67,7.5,7.5,7.5,7.58,8.17,10.0,10.0,10.0,7.25
469,7.75,7.5,7.42,7.75,7.58,7.58,10.0,10.0,10.0,7.58
470,7.58,7.67,7.5,7.58,7.67,7.67,10.0,10.0,10.0,7.5
471,7.5,7.75,7.58,7.58,7.67,7.5,10.0,10.0,10.0,7.58
472,7.75,7.67,7.58,7.5,7.58,7.58,10.0,10.0,10.0,7.5
473,7.92,7.58,7.5,7.58,7.42,7.5,10.0,10.0,10.0,7.67
474,7.75,7.5,7.67,7.5,7.92,8.0,10.0,10.0,9.33,7.5
475,7.75,7.5,7.58,7.5,7.75,7.5,10.0,10.0,10.0,7.58
476,7.58,7.75,7.67,7.5,7.67,7.58,10.0,10.0,10.0,7.42
477,7.42,7.83,8.17,8.08,7.17,7.58,10.0,9.33,10.0,7.58
478,7.75,8.0,7.67,8.08,7.83,7.92,9.33,9.33,9.33,7.92
479,7.58,7.67,7.33,7.67,7.75,7.58,10.0,10.0,10.0,7.5
480,7.75,7.5,7.5,7.42,8.0,7.75,10.0,10.0,10.0,7.17
481,7.58,7.58,7.58,7.5,7.67,7.58,10.0,10.0,10.0,7.58
482,7.33,7.67,7.67,7.33,7.75,7.42,10.0,10.0,10.0,7.92
483,7.83,7.92,7.5,7.83,7.67,7.25,9.33,10.0,10.0,7.75
484,7.42,7.67,7.58,7.5,7.75,7.67,10.0,10.0,10.0,7.5
485,7.58,7.83,7.67,7.42,7.42,7.5,10.0,10.0,10.0,7.67
486,7.83,7.33,7.5,7.67,7.58,7.67,10.0,10.0,10.0,7.5
487,7.33,7.75,7.58,7.33,7.83,7.67,10.0,10.0,10.0,7.58
488,7.75,7.75,7.5,7.5,7.5,7.5,10.0,10.0,10.0,7.58
489,7.83,7.83,7.33,7.17,7.75,7.67,10.0,10.0,10.0,7.5
490,7.75,7.67,7.42,7.75,7.5,7.5,10.0,10.0,10.0,7.5
491,7.67,7.58,7.5,7.67,7.92,8.0,9.33,9.33,10.0,8.08
492,7.33,7.58,7.58,7.92,7.67,7.58,10.0,10.0,10.0,7.42
493,7.33,7.33,7.33,7.58,7.25,8.08,10.0,10.0,10.0,8.17
494,7.83,7.75,7.33,7.25,7.42,7.92,10.0,10.0,10.0,7.58
495,7.67,7.58,7.5,7.58,7.67,7.58,10.0,10.0,10.0,7.5
496,7.92,7.67,7.67,7.25,7.83,7.67,9.33,10.0,10.0,7.75
497,7.58,7.5,7.5,7.75,7.67,7.5,10.0,10.0,10.0,7.5
498,7.5,7.58,7.58,7.67,7.58,7.5,10.0,10.0,10.0,7.58
499,7.5,7.67,7.58,7.67,7.58,7.42,10.0,10.0,10.0,7.58
500,7.67,7.58,7.42,7.42,7.83,7.5,10.0,10.0,10.0,7.58
501,7.67,7.67,7.5,7.58,7.42,7.5,10.0,10.0,10.0,7.67
502,7.67,7.67,7.33,7.67,7.5,7.58,10.0,10.0,10.0,7.58
503,7.75,7.67,7.58,7.58,7.42,7.67,9.33,10.0,10.0,8.0
504,7.67,7.75,7.33,7.92,7.42,7.5,10.0,10.0,10.0,7.42
505,7.75,7.67,7.33,7.75,7.5,7.42,10.0,10.0,10.0,7.58
506,7.83,7.67,7.25,7.67,7.75,7.5,10.0,10.0,10.0,7.33
507,7.67,7.67,7.67,7.5,7.42,7.5,10.0,10.0,10.0,7.58
508,7.92,7.92,7.83,7.58,7.33,7.25,10.0,10.0,10.0,7.17
509,7.83,7.58,7.5,7.5,7.58,7.5,10.0,10.0,10.0,7.5
510,7.67,7.5,7.67,7.83,7.75,7.83,10.0,10.0,9.33,7.42
511,7.67,7.67,7.42,7.83,7.5,7.5,10.0,10.0,10.0,7.42
512,7.67,7.58,7.5,7.58,7.5,7.5,10.0,10.0,10.0,7.67
513,7.75,7.58,7.42,7.67,7.42,7.67,10.0,10.0,10.0,7.5
514,7.75,7.42,7.33,7.5,7.58,7.17,10.0,10.0,10.0,8.25
515,7.83,7.5,7.58,7.33,7.5,7.67,10.0,10.0,10.0,7.58
516,7.33,7.67,7.75,7.42,7.75,7.58,10.0,10.0,10.0,7.5
517,7.58,7.75,7.42,7.67,7.58,7.42,10.0,10.0,10.0,7.58
518,7.5,7.5,7.42,7.58,7.75,7.58,10.0,10.0,10.0,7.67
519,7.67,7.58,7.42,7.5,7.67,7.58,10.0,10.0,10.0,7.58
520,7.67,7.83,7.5,7.58,7.58,7.67,9.33,10.0,10.0,7.83
521,7.5,7.67,7.5,7.5,7.58,7.58,10.0,10.0,10.0,7.67
522,7.67,7.58,7.5,7.5,7.75,7.5,10.0,10.0,10.0,7.5
523,7.75,7.58,7.5,7.67,7.83,7.75,9.33,10.0,10.0,7.58
524,7.67,7.58,7.58,7.58,7.67,7.42,10.0,10.0,10.0,7.5
525,7.5,7.67,7.5,7.67,7.5,7.83,10.0,10.0,10.0,7.33
526,7.67,7.67,7.58,7.5,7.67,7.42,10.0,10.0,10.0,7.5
527,7.33,7.67,7.58,7.5,7.75,7.67,10.0,10.0,10.0,7.5
528,7.33,7.67,7.58,7.33,7.58,7.92,10.0,10.0,10.0,7.58
529,7.83,7.83,7.67,7.83,7.92,7.83,9.33,9.33,9.33,8.08
530,7.5,7.58,7.42,7.58,7.58,7.67,10.0,10.0,10.0,7.67
531,7.5,7.58,7.67,7.67,7.58,7.58,10.0,10.0,10.0,7.42
532,7.58,7.83,7.75,7.92,7.92,8.08,9.33,9.33,9.33,7.92
533,7.5,7.25,7.42,7.75,8.17,7.5,10.0,10.0,10.0,7.42
534,7.67,7.58,7.5,7.58,7.58,7.5,10.0,10.0,10.0,7.5
535,7.5,7.5,7.75,7.58,7.92,7.83,10.0,10.0,9.33,7.5
536,7.58,7.67,7.5,7.33,7.67,7.58,10.0,10.0,10.0,7.58
537,7.17,7.83,7.25,7.67,7.67,7.58,10.0,10.0,10.0,7.75
538,7.58,7.58,7.5,7.5,7.58,7.58,10.0,10.0,10.0,7.58
539,7.5,7.58,7.67,7.33,7.5,7.75,10.0,10.0,10.0,7.58
540,7.58,7.58,7.67,7.58,7.5,7.5,10.0,10.0,10.0,7.5
541,8.08,7.5,7.67,7.42,7.33,7.5,10.0,10.0,10.0,7.42
542,7.83,7.67,7.25,7.58,7.5,7.5,10.0,10.0,10.0,7.58
543,7.75,7.67,7.42,7.42,7.75,7.5,10.0,10.0,10.0,7.42
544,7.08,7.5,7.5,7.83,7.75,7.67,10.0,10.0,10.0,7.58
545,8.0,7.5,7.5,7.58,7.33,7.42,10.0,10.0,10.0,7.58
546,7.75,7.58,7.58,7.5,7.5,7.5,10.0,10.0,10.0,7.5
547,7.75,7.5,7.42,7.58,7.67,7.5,10.0,10.0,10.0,7.5
548,7.67,7.83,7.42,7.5,7.33,7.5,10.0,10.0,10.0,7.67
549,7.58,7.58,7.25,7.58,7.58,7.58,10.0,10.0,10.0,7.75
550,7.58,7.5,7.75,7.33,7.58,7.58,10.0,10.0,10.0,7.58
551,7.75,7.5,7.25,7.5,7.75,7.5,10.0,10.0,10.0,7.67
552,7.83,7.75,7.25,7.92,7.5,7.17,10.0,10.0,10.0,7.5
553,7.83,7.67,7.42,7.42,7.5,7.58,10.0,10.0,10.0,7.5
554,7.58,7.58,7.33,7.25,7.58,7.75,10.0,10.0,10.0,7.83
555,7.67,7.33,7.17,7.58,8.08,7.42,10.0,10.0,10.0,7.67
556,8.0,7.92,7.67,7.17,7.67,7.42,9.33,10.0,10.0,7.75
557,7.5,7.5,7.5,7.42,7.67,7.83,10.0,10.0,10.0,7.5
558,7.5,7.75,7.33,7.75,7.08,7.83,10.0,10.0,10.0,7.67
559,7.42,7.58,7.5,7.17,7.5,8.0,10.0,10.0,10.0,7.75
560,7.75,7.58,7.42,7.58,7.5,7.5,10.0,10.0,10.0,7.5
561,7.5,7.58,7.33,7.67,7.58,7.58,10.0,10.0,10.0,7.58
562,7.67,7.58,7.58,7.5,7.5,7.42,10.0,10.0,10.0,7.58
563,7.33,7.67,7.67,7.83,7.33,7.67,10.0,10.0,10.0,7.33
564,7.83,7.92,7.75,7.83,7.75,7.75,9.33,9.33,9.33,8.0
565,7.25,7.58,7.5,7.42,7.75,7.42,10.0,10.0,10.0,7.92
566,7.58,7.58,7.33,7.67,7.67,7.5,10.0,10.0,10.0,7.5
567,7.58,7.83,7.33,7.67,7.42,7.33,10.0,10.0,10.0,7.67
568,7.83,7.67,7.5,7.58,7.5,7.67,10.0,10.0,10.0,7.08
569,7.42,7.58,7.25,7.5,7.75,7.75,10.0,10.0,10.0,7.58
570,7.67,7.67,7.75,7.67,7.42,7.17,10.0,10.0,10.0,7.5
571,7.5,7.42,7.58,7.5,7.58,7.58,10.0,10.0,10.0,7.67
572,7.83,7.5,7.5,7.42,7.5,7.5,10.0,10.0,10.0,7.58
573,7.67,7.5,7.33,7.25,7.58,7.75,10.0,10.0,10.0,7.75
574,7.58,7.67,7.5,7.58,7.5,7.5,10.0,10.0,10.0,7.5
575,7.67,7.58,7.42,7.75,7.42,7.42,10.0,10.0,10.0,7.58
576,7.67,7.67,7.33,7.5,7.33,7.92,10.0,10.0,10.0,7.42
577,7.58,7.58,7.5,7.42,7.67,7.58,10.0,10.0,10.0,7.5
578,7.75,7.58,7.75,7.75,7.25,7.5,10.0,10.0,10.0,7.25
579,7.5,7.58,7.42,7.67,7.58,7.5,10.0,10.0,10.0,7.5
580,7.58,7.67,7.5,7.58,7.5,7.42,10.0,10.0,10.0,7.5
581,7.5,7.67,7.17,7.67,7.67,7.58,10.0,10.0,10.0,7.5
582,7.5,7.5,7.42,7.58,7.67,7.5,10.0,10.0,10.0,7.58
583,7.42,7.58,7.42,7.67,7.5,7.5,10.0,10.0,10.0,7.67
584,7.5,7.58,7.42,7.58,7.58,7.5,10.0,10.0,10.0,7.58
585,7.58,7.58,7.33,7.58,7.33,7.67,10.0,10.0,10.0,7.67
586,7.83,7.67,7.33,7.67,7.58,7.67,9.33,10.0,10.0,7.67
587,7.67,7.67,7.17,7.33,7.58,7.67,10.0,10.0,10.0,7.67
588,7.58,7.5,7.42,7.67,7.42,7.5,10.0,10.0,10.0,7.67
589,7.58,7.5,7.42,7.58,7.5,7.5,10.0,10.0,10.0,7.67
590,7.5,7.5,7.58,7.5,7.58,7.58,10.0,10.0,10.0,7.5
591,7.67,7.5,7.33,7.33,7.67,7.67,10.0,10.0,10.0,7.58
592,7.5,7.67,7.42,7.67,7.5,7.5,10.0,10.0,10.0,7.5
593,7.5,7.58,7.58,7.75,7.33,7.5,10.0,10.0,10.0,7.5
594,7.75,7.58,7.42,7.5,7.33,7.5,10.0,10.0,10.0,7.67
595,7.75,7.42,7.25,7.75,7.5,7.67,10.0,10.0,10.0,7.42
596,7.67,7.42,7.42,7.58,7.33,7.67,10.0,10.0,10.0,7.67
597,7.67,7.58,7.42,7.83,7.33,7.5,10.0,10.0,10.0,7.42
598,7.58,7.83,7.75,7.75,7.42,8.0,9.33,9.33,10.0,7.75
599,7.58,7.33,7.17,7.33,7.25,8.58,10.0,10.0,10.0,7.5
600,7.58,7.58,7.5,7.5,7.5,7.5,10.0,10.0,10.0,7.58
601,7.58,7.58,7.33,7.75,7.25,7.58,10.0,10.0,10.0,7.67
602,8.08,8.17,8.0,8.0,7.83,7.92,6.67,10.0,10.0,8.08
603,7.5,7.58,7.42,7.67,7.5,7.58,10.0,10.0,10.0,7.5
604,7.67,7.58,7.58,7.58,7.5,7.42,10.0,10.0,10.0,7.42
605,7.25,7.75,7.5,7.83,7.67,7.67,9.33,10.0,10.0,7.75
606,7.42,7.42,7.5,7.58,7.5,7.75,10.0,10.0,10.0,7.58
607,7.75,7.67,7.5,7.83,7.17,7.42,10.0,10.0,10.0,7.42
608,7.5,7.58,7.25,7.75,7.58,7.5,10.0,10.0,10.0,7.5
609,7.5,7.58,7.5,7.67,7.5,7.42,10.0,10.0,10.0,7.5
610,7.67,7.67,7.42,7.42,7.42,7.5,10.0,10.0,10.0,7.58
611,7.67,7.67,7.67,7.67,7.5,7.67,10.0,10.0,9.33,7.5
612,7.5,7.67,7.42,7.75,7.42,7.17,10.0,10.0,10.0,7.75
613,7.75,7.5,7.33,7.58,7.33,7.75,10.0,10.0,10.0,7.42
614,7.58,7.5,7.42,7.67,7.5,7.5,10.0,10.0,10.0,7.5
615,7.33,7.5,7.58,7.58,7.67,7.5,10.0,10.0,10.0,7.5
616,7.5,7.5,7.5,7.5,7.5,7.58,10.0,10.0,10.0,7.58
617,7.58,7.5,7.5,7.58,7.33,7.58,10.0,10.0,10.0,7.58
618,8.0,7.83,7.83,7.42,7.25,7.25,10.0,10.0,10.0,7.08
619,7.67,7.58,7.42,7.5,7.42,7.5,10.0,10.0,10.0,7.58
620,7.67,7.5,7.33,7.67,7.5,7.5,10.0,10.0,10.0,7.5
621,7.67,7.5,7.5,7.5,7.5,7.5,10.0,10.0,10.0,7.5
622,7.42,7.5,7.5,7.67,7.58,7.5,10.0,10.0,10.0,7.5
623,7.75,7.58,7.67,7.25,7.58,7.42,10.0,10.0,10.0,7.42
624,7.92,8.0,7.5,6.75,7.92,7.58,10.0,10.0,9.33,7.67
625,7.67,7.67,7.17,7.67,7.5,7.5,10.0,10.0,10.0,7.5
626,7.83,7.33,7.83,7.33,7.58,7.83,10.0,10.0,9.33,7.58
627,7.58,7.58,7.42,7.58,7.42,7.5,10.0,10.0,10.0,7.58
628,7.5,7.58,7.58,7.58,7.42,7.42,10.0,10.0,10.0,7.58
629,7.33,7.58,7.42,7.42,7.67,7.67,10.0,10.0,10.0,7.58
630,7.83,7.67,7.5,7.67,7.5,7.58,10.0,10.0,9.33,7.58
631,7.75,7.58,7.25,7.75,7.67,7.58,10.0,10.0,10.0,7.08
632,8.08,7.67,7.67,7.33,7.33,7.17,10.0,10.0,10.0,7.42
633,7.5,7.42,7.33,7.33,7.67,7.83,10.0,10.0,10.0,7.58
634,7.5,7.42,7.42,7.75,7.5,7.5,10.0,10.0,10.0,7.5
635,7.67,7.42,7.5,7.42,7.58,7.5,10.0,10.0,10.0,7.5
636,7.5,7.58,7.42,7.5,7.75,7.33,10.0,10.0,10.0,7.5
637,7.25,7.25,7.0,7.08,7.0,7.0,10.0,10.0,10.0,10.0
638,7.42,7.42,7.5,7.33,7.25,7.67,10.0,10.0,10.0,8.0
639,7.83,7.58,7.42,7.33,7.42,7.5,10.0,10.0,10.0,7.5
640,7.75,7.33,7.42,7.67,7.42,7.5,10.0,10.0,10.0,7.5
641,7.42,7.58,7.58,7.42,7.58,7.5,10.0,10.0,10.0,7.5
642,7.75,7.42,7.33,7.5,7.58,7.5,10.0,10.0,10.0,7.5
643,7.83,7.5,7.42,7.58,7.42,7.42,10.0,10.0,10.0,7.42
644,7.67,7.42,7.5,7.67,7.0,7.75,10.0,10.0,10.0,7.58
645,7.58,7.58,7.42,7.75,7.67,7.67,9.33,10.0,10.0,7.58
646,7.5,7.58,7.42,7.58,7.42,7.58,10.0,10.0,10.0,7.5
647,7.75,7.25,7.33,7.42,7.5,7.83,10.0,10.0,10.0,7.5
648,7.75,7.5,7.75,7.25,7.33,7.58,10.0,10.0,10.0,7.42
649,7.58,7.5,7.42,7.58,7.67,7.42,10.0,10.0,10.0,7.42
650,7.5,7.58,7.5,7.5,7.42,7.5,10.0,10.0,10.0,7.58
651,7.67,7.58,7.58,7.75,7.67,6.83,10.0,10.0,10.0,7.5
652,7.33,7.42,7.58,7.42,7.67,7.5,10.0,10.0,10.0,7.67
653,7.58,7.5,7.33,7.75,7.5,7.5,10.0,10.0,10.0,7.42
654,7.5,7.5,7.5,7.5,7.58,7.5,10.0,10.0,10.0,7.42
655,7.83,7.75,7.25,7.5,7.42,7.33,10.0,10.0,10.0,7.42
656,7.58,7.58,7.33,7.5,7.5,7.5,10.0,10.0,10.0,7.5
657,7.5,7.5,7.33,7.5,7.67,7.5,10.0,10.0,10.0,7.5
658,7.5,7.83,7.5,7.75,7.33,7.42,9.33,10.0,10.0,7.83
659,7.33,7.5,7.5,7.5,7.67,7.5,10.0,10.0,10.0,7.5
660,7.67,7.42,7.33,7.58,7.5,7.5,10.0,10.0,10.0,7.5
661,7.75,7.0,7.42,7.58,7.58,7.58,10.0,10.0,10.0,7.58
662,7.42,7.58,7.5,7.67,7.25,7.5,10.0,10.0,10.0,7.58
663,7.42,7.5,7.67,7.33,7.42,7.67,10.0,10.0,10.0,7.5
664,7.83,7.42,7.33,7.67,7.42,7.5,10.0,10.0,10.0,7.33
665,7.5,7.5,7.42,7.42,7.58,7.58,10.0,10.0,10.0,7.5
666,7.83,7.67,7.17,7.33,7.5,7.67,10.0,10.0,10.0,7.33
667,7.5,7.58,7.5,7.5,7.42,7.42,10.0,10.0,10.0,7.58
668,7.67,7.5,7.33,7.67,7.5,7.33,10.0,10.0,10.0,7.5
669,7.92,7.5,7.33,7.58,7.25,7.42,10.0,10.0,10.0,7.5
670,7.67,7.33,7.33,7.33,7.5,7.83,10.0,10.0,10.0,7.5
671,7.67,7.42,7.33,7.67,7.5,7.5,10.0,10.0,10.0,7.42
672,7.67,7.5,7.33,7.5,7.25,7.67,10.0,10.0,10.0,7.58
673,7.33,7.42,7.33,7.75,7.42,7.67,10.0,10.0,10.0,7.58
674,7.75,7.58,7.67,7.67,7.58,7.58,9.33,10.0,10.0,7.33
675,7.42,7.67,7.17,7.58,7.58,7.5,10.0,10.0,10.0,7.5
676,7.58,7.5,7.33,7.75,7.33,7.5,10.0,10.0,10.0,7.42
677,7.67,7.58,7.25,7.67,7.42,7.33,10.0,10.0,10.0,7.5
678,7.58,7.5,7.25,7.67,7.5,7.5,10.0,10.0,10.0,7.42
679,7.5,7.42,7.08,7.75,7.67,7.5,10.0,10.0,10.0,7.5
680,5.08,7.75,7.83,7.75,7.83,8.08,10.0,10.0,10.0,8.08
681,7.67,7.42,7.42,7.5,7.42,7.42,10.0,10.0,10.0,7.58
682,7.42,7.5,7.33,7.5,7.25,7.42,10.0,10.0,10.0,8.0
683,7.67,7.25,7.42,7.42,7.67,7.42,10.0,10.0,10.0,7.58
684,7.17,7.83,7.33,7.5,7.75,7.42,10.0,10.0,10.0,7.42
685,7.5,7.5,7.5,7.67,7.42,7.5,10.0,10.0,10.0,7.33
686,7.42,7.5,7.42,7.58,7.42,7.5,10.0,10.0,10.0,7.58
687,7.58,7.67,7.33,7.5,7.5,7.42,10.0,10.0,10.0,7.42
688,7.58,7.58,7.58,7.75,7.5,7.58,9.33,10.0,10.0,7.5
689,7.25,7.33,7.25,7.5,7.42,7.5,10.0,10.0,10.0,8.17
690,7.5,7.58,7.5,7.92,7.42,7.67,9.33,10.0,10.0,7.5
691,7.25,7.67,7.42,7.17,7.75,7.5,10.0,10.0,10.0,7.67
692,7.67,7.42,7.33,7.5,7.58,7.5,10.0,10.0,10.0,7.42
693,7.5,7.42,7.42,7.67,7.42,7.58,10.0,10.0,10.0,7.42
694,7.42,7.58,7.5,7.42,7.58,7.5,10.0,10.0,10.0,7.42
695,7.42,7.58,7.33,7.58,7.5,7.5,10.0,10.0,10.0,7.5
696,7.75,7.33,7.25,7.58,7.58,7.33,10.0,10.0,10.0,7.58
697,7.5,7.58,7.33,7.5,7.5,7.5,10.0,10.0,10.0,7.5
698,7.58,7.58,7.17,7.5,7.5,7.5,10.0,10.0,10.0,7.58
699,7.58,7.33,7.33,7.58,7.5,7.5,10.0,10.0,10.0,7.58
700,7.67,7.58,7.33,7.42,7.58,7.33,10.0,10.0,10.0,7.5
701,7.83,7.5,7.42,7.67,7.17,7.33,10.0,10.0,10.0,7.5
702,7.67,7.33,7.25,7.42,7.5,7.67,10.0,10.0,10.0,7.58
703,7.75,7.5,7.42,7.42,7.5,7.42,10.0,10.0,10.0,7.42
704,7.33,7.58,7.17,7.58,7.42,7.58,10.0,10.0,10.0,7.75
705,7.58,7.25,7.42,7.25,7.58,7.83,10.0,10.0,10.0,7.5
706,7.5,7.58,7.33,7.5,7.42,7.42,10.0,10.0,10.0,7.58
707,7.33,7.5,7.5,7.33,7.5,7.5,10.0,10.0,10.0,7.67
708,7.42,7.42,7.42,7.5,7.5,7.58,10.0,10.0,10.0,7.5
709,7.5,7.5,7.42,7.5,7.42,7.5,10.0,10.0,10.0,7.5
710,7.75,7.5,7.25,7.25,7.42,7.67,10.0,10.0,10.0,7.5
711,7.75,7.33,7.5,7.5,7.33,7.58,10.0,10.0,10.0,7.33
712,7.5,7.58,7.42,7.5,7.42,7.42,10.0,10.0,10.0,7.5
713,8.25,7.83,7.25,8.33,8.17,8.08,10.0,6.67,10.0,7.75
714,7.42,7.5,7.5,7.42,7.5,7.58,10.0,10.0,10.0,7.42
715,7.5,7.42,7.17,7.83,7.5,7.5,10.0,10.0,10.0,7.42
716,7.33,7.58,7.42,7.58,7.33,7.5,10.0,10.0,10.0,7.58
717,7.75,8.08,7.67,8.08,8.08,8.0,10.0,10.0,6.67,8.0
718,7.58,7.67,7.5,7.58,7.75,7.5,9.33,10.0,10.0,7.42
719,7.33,7.58,7.42,7.5,7.5,7.5,10.0,10.0,10.0,7.5
720,7.42,7.33,7.5,7.17,7.08,8.33,10.0,10.0,10.0,7.5
721,7.5,7.5,7.5,7.5,7.5,7.5,10.0,10.0,10.0,7.33
722,7.5,7.5,7.5,7.5,7.5,7.5,10.0,10.0,10.0,7.33
723,7.5,7.42,7.58,7.5,7.5,7.58,10.0,10.0,10.0,7.25
724,7.5,7.42,7.5,7.5,7.5,7.58,10.0,10.0,10.0,7.33
725,7.67,7.5,7.42,7.5,7.42,7.42,10.0,10.0,10.0,7.42
726,7.92,7.58,7.25,7.75,7.92,7.58,9.33,9.33,10.0,7.67
727,7.67,7.5,7.33,7.67,7.5,7.33,10.0,10.0,10.0,7.33
728,7.58,7.67,7.58,7.33,7.0,7.58,10.0,10.0,10.0,7.58
729,7.67,7.58,7.5,7.58,7.5,7.5,10.0,10.0,10.0,7.0
730,7.5,7.67,7.33,7.5,7.33,7.5,10.0,10.0,10.0,7.5
731,7.58,7.5,7.42,7.5,7.5,7.42,10.0,10.0,10.0,7.42
732,8.0,7.75,7.33,7.33,7.08,7.67,9.33,10.0,10.0,7.83
733,7.58,7.58,7.25,7.58,7.42,7.5,10.0,10.0,10.0,7.42
734,7.83,7.58,7.33,7.25,7.58,7.42,10.0,10.0,10.0,7.33
735,7.58,7.5,7.25,7.42,7.67,7.33,10.0,10.0,10.0,7.5
736,7.0,7.08,7.0,7.17,7.0,7.0,10.0,10.0,10.0,10.0
737,7.67,7.5,7.25,7.67,7.42,7.42,10.0,10.0,10.0,7.33
738,7.42,7.67,7.5,7.08,7.5,7.42,10.0,10.0,10.0,7.67
739,7.58,7.67,7.5,7.67,7.83,8.42,9.33,9.33,9.33,7.58
740,7.58,7.5,7.42,7.58,7.42,7.42,10.0,10.0,10.0,7.33
741,7.58,7.42,7.33,7.42,7.58,7.5,10.0,10.0,10.0,7.42
742,7.75,7.58,7.42,7.42,7.33,7.33,10.0,10.0,10.0,7.42
743,7.5,7.5,7.5,7.5,7.5,7.5,10.0,10.0,10.0,7.25
744,7.58,7.58,7.42,7.42,7.42,7.42,10.0,10.0,10.0,7.42
745,7.33,7.42,7.5,7.67,7.5,7.42,10.0,10.0,10.0,7.42
746,7.58,7.58,7.5,7.17,7.42,7.42,10.0,10.0,10.0,7.58
747,7.5,7.5,7.33,7.58,7.67,7.33,10.0,10.0,10.0,7.33
748,7.5,7.58,7.42,7.67,7.33,7.42,10.0,10.0,10.0,7.33
749,7.67,7.58,7.33,7.5,7.42,7.42,10.0,10.0,10.0,7.33
750,7.75,7.33,7.33,7.5,7.5,7.5,10.0,10.0,10.0,7.33
751,7.33,7.58,7.42,7.67,7.33,7.5,10.0,10.0,10.0,7.42
752,7.42,7.5,7.42,7.58,7.42,7.5,10.0,10.0,10.0,7.42
753,7.5,7.42,7.67,7.33,7.58,7.33,10.0,10.0,10.0,7.42
754,7.67,7.33,7.33,7.33,7.5,7.5,10.0,10.0,10.0,7.58
755,7.67,7.58,7.42,7.0,7.5,7.58,10.0,10.0,10.0,7.5
756,7.17,7.25,7.58,7.25,7.58,7.67,10.0,10.0,10.0,7.75
757,7.42,7.42,7.5,7.42,7.42,7.5,10.0,10.0,10.0,7.5
758,7.5,7.5,7.17,7.42,7.5,7.5,10.0,10.0,10.0,7.58
759,7.5,7.5,7.33,7.42,7.5,7.42,10.0,10.0,10.0,7.5
760,7.58,7.42,7.42,7.33,7.5,7.42,10.0,10.0,10.0,7.5
761,7.42,7.42,7.42,7.5,7.5,7.33,10.0,10.0,10.0,7.58
762,6.92,7.58,7.42,7.33,7.83,7.5,10.0,10.0,10.0,7.58
763,7.42,7.42,7.17,7.75,7.25,7.67,10.0,10.0,10.0,7.5
764,7.67,7.5,7.25,7.42,7.58,7.42,10.0,10.0,10.0,7.33
765,7.42,7.42,7.5,7.5,7.42,7.5,10.0,10.0,10.0,7.42
766,7.58,7.5,7.42,7.25,7.5,7.42,10.0,10.0,10.0,7.5
767,7.75,7.42,7.42,7.58,7.33,7.42,10.0,10.0,10.0,7.25
768,7.42,7.33,7.17,7.42,7.33,8.17,10.0,10.0,10.0,7.33
769,7.5,7.5,7.33,7.42,7.5,7.42,10.0,10.0,10.0,7.5
770,7.5,7.5,7.5,7.5,7.5,7.5,10.0,10.0,10.0,7.17
771,7.67,7.5,7.5,7.17,7.17,7.58,10.0,10.0,10.0,7.58
772,7.33,7.25,7.25,7.58,7.75,7.5,10.0,10.0,10.0,7.5
773,7.5,7.67,7.0,7.5,7.33,7.5,10.0,10.0,10.0,7.67
774,7.25,7.75,7.0,7.75,8.17,7.75,10.0,10.0,9.33,7.17
775,7.5,7.58,7.25,7.5,7.5,7.33,10.0,10.0,10.0,7.5
776,7.0,7.67,7.5,7.5,7.42,7.5,10.0,10.0,10.0,7.58
777,7.58,7.67,7.42,7.17,7.17,7.75,10.0,10.0,10.0,7.42
778,7.5,7.5,7.42,7.42,7.5,7.42,10.0,10.0,10.0,7.33
779,7.75,7.58,7.42,7.67,7.83,7.58,9.33,9.33,10.0,7.58
780,7.42,7.58,7.42,7.5,7.42,7.25,10.0,10.0,10.0,7.5
781,7.25,7.25,7.58,7.58,7.25,7.92,10.0,10.0,10.0,7.25
782,7.75,7.42,7.42,7.25,7.17,7.42,10.0,10.0,10.0,7.67
783,7.42,7.33,7.42,7.42,7.5,7.58,10.0,10.0,10.0,7.42
784,7.42,7.5,7.5,7.33,7.33,7.5,10.0,10.0,10.0,7.5
785,7.5,7.42,7.42,7.42,7.67,7.42,10.0,10.0,10.0,7.25
786,7.58,7.33,7.33,7.33,7.5,7.67,10.0,10.0,10.0,7.33
787,7.25,7.58,7.58,7.25,7.5,7.42,10.0,10.0,10.0,7.5
788,7.42,7.58,7.5,7.33,7.42,7.42,10.0,10.0,10.0,7.42
789,7.5,7.42,7.42,7.5,7.25,7.5,10.0,10.0,10.0,7.5
790,7.67,7.5,7.25,7.58,7.42,7.33,10.0,10.0,10.0,7.33
791,7.67,8.0,7.17,7.08,7.67,7.08,10.0,10.0,10.0,7.42
792,7.58,7.42,7.25,7.75,7.33,7.42,10.0,10.0,10.0,7.33
793,7.33,7.5,7.33,7.58,7.08,7.83,10.0,10.0,10.0,7.42
794,7.67,7.42,7.67,7.33,7.25,7.58,10.0,10.0,10.0,7.17
795,7.5,7.5,7.17,7.5,7.5,7.42,10.0,10.0,10.0,7.42
796,7.5,7.5,7.25,7.33,7.42,7.5,10.0,10.0,10.0,7.5
797,7.5,7.33,7.42,7.5,7.33,7.42,10.0,10.0,10.0,7.5
798,7.67,7.33,7.33,7.42,7.42,7.42,10.0,10.0,10.0,7.42
799,7.42,7.5,7.25,7.33,7.5,7.5,10.0,10.0,10.0,7.5
800,7.42,7.42,7.33,7.58,7.33,7.42,10.0,10.0,10.0,7.5
801,7.5,7.42,7.33,7.58,7.33,7.5,10.0,10.0,10.0,7.33
802,7.33,7.5,7.17,7.42,7.5,7.33,10.0,10.0,10.0,7.75
803,7.58,7.5,7.42,7.42,7.33,7.42,10.0,10.0,10.0,7.33
804,7.5,7.25,7.33,7.33,7.75,7.5,10.0,10.0,10.0,7.33
805,7.33,7.33,7.33,7.5,7.5,7.83,10.0,10.0,10.0,7.17
806,7.33,7.33,7.58,7.5,7.5,7.58,10.0,10.0,10.0,7.17
807,7.42,7.58,7.33,7.42,8.0,7.5,9.33,10.0,10.0,7.42
808,7.33,7.67,7.42,7.17,7.33,7.42,10.0,10.0,10.0,7.67
809,7.67,7.33,7.25,7.5,7.42,7.42,10.0,10.0,10.0,7.42
810,7.42,7.5,7.33,7.5,7.33,7.5,10.0,10.0,10.0,7.42
811,7.42,7.5,7.25,7.5,7.5,7.42,10.0,10.0,10.0,7.42
812,7.33,7.33,7.33,7.5,7.67,7.67,10.0,10.0,10.0,7.17
813,7.58,7.5,7.17,7.5,7.5,7.42,10.0,10.0,10.0,7.33
814,7.75,7.33,7.33,7.42,7.75,7.67,10.0,10.0,9.33,7.42
815,7.33,7.0,7.08,7.42,7.5,7.67,10.0,10.0,10.0,8.0
816,7.58,7.5,7.25,7.58,7.58,7.5,9.33,10.0,10.0,7.58
817,7.5,7.5,7.25,7.42,7.42,7.42,10.0,10.0,10.0,7.42
818,7.58,7.5,7.25,7.33,7.42,7.5,10.0,10.0,10.0,7.33
819,7.42,7.33,7.33,7.5,7.5,7.33,10.0,10.0,10.0,7.5
820,7.67,7.58,7.33,7.5,7.5,7.67,10.0,10.0,9.33,7.33
821,7.58,7.58,7.17,7.83,7.17,7.33,10.0,10.0,10.0,7.25
822,7.33,7.33,7.33,7.42,7.5,7.58,10.0,10.0,10.0,7.42
823,7.58,7.42,7.25,7.17,7.5,7.67,10.0,10.0,10.0,7.33
824,7.67,7.08,7.42,7.33,7.75,7.42,10.0,10.0,10.0,7.25
825,7.42,7.33,7.33,7.58,7.33,7.5,10.0,10.0,10.0,7.42
826,7.5,7.5,7.42,7.25,7.5,7.5,10.0,10.0,10.0,7.25
827,7.58,7.5,7.25,7.58,7.5,7.25,10.0,10.0,10.0,7.25
828,7.5,7.5,7.25,7.25,7.5,7.5,10.0,10.0,10.0,7.42
829,7.5,7.42,7.25,7.5,7.33,7.33,10.0,10.0,10.0,7.58
830,7.33,7.58,7.17,7.58,7.42,7.33,10.0,10.0,10.0,7.5
831,7.67,7.42,7.33,7.83,7.5,7.5,9.33,10.0,10.0,7.33
832,7.42,7.58,7.25,7.5,7.33,7.5,10.0,10.0,10.0,7.33
833,7.67,7.33,7.33,7.58,7.33,7.33,10.0,10.0,10.0,7.33
834,7.42,7.5,7.25,7.5,7.33,7.42,10.0,10.0,10.0,7.42
835,7.25,7.33,7.5,7.33,7.67,7.42,10.0,10.0,10.0,7.33
836,7.42,7.5,7.42,7.5,7.42,7.25,10.0,10.0,10.0,7.33
837,7.75,7.83,7.58,7.75,7.92,7.83,10.0,10.0,10.0,5.17
838,7.58,7.5,7.33,7.42,7.58,7.25,10.0,10.0,10.0,7.17
839,7.17,7.58,6.83,7.5,7.75,7.25,10.0,10.0,10.0,7.75
840,7.58,7.0,6.92,6.92,7.67,7.5,10.0,10.0,10.0,8.25
841,7.33,7.58,7.5,7.42,7.33,7.33,10.0,10.0,10.0,7.33
842,7.58,7.5,7.33,7.5,7.17,7.33,10.0,10.0,10.0,7.42
843,7.5,7.5,7.33,7.5,7.42,7.25,10.0,10.0,10.0,7.33
844,7.67,7.5,7.5,7.25,7.08,7.42,10.0,10.0,10.0,7.42
845,7.67,7.33,7.17,7.25,7.75,7.33,10.0,10.0,10.0,7.33
846,7.42,7.42,7.42,7.33,7.42,7.42,10.0,10.0,10.0,7.42
847,7.58,7.42,7.33,7.33,7.33,7.42,10.0,10.0,10.0,7.42
848,7.33,7.58,7.25,7.17,7.83,7.33,10.0,10.0,10.0,7.33
849,7.5,7.5,7.33,7.33,7.33,7.33,10.0,10.0,10.0,7.5
850,7.42,7.42,7.25,7.5,7.33,7.42,10.0,10.0,10.0,7.5
851,7.5,7.5,7.0,7.42,7.5,7.58,10.0,10.0,10.0,7.33
852,7.83,7.83,7.83,8.0,7.83,7.83,10.0,6.67,10.0,8.0
853,7.75,7.75,7.5,7.42,7.83,7.75,9.33,9.33,9.33,7.83
854,7.83,7.67,7.33,7.33,7.67,7.83,9.33,10.0,9.33,7.5
855,7.83,7.33,7.25,7.58,7.25,7.33,10.0,10.0,10.0,7.25
856,7.33,7.33,7.25,7.5,7.5,7.5,10.0,10.0,10.0,7.42
857,7.33,7.67,7.25,7.5,7.5,7.25,10.0,10.0,10.0,7.33
858,7.58,7.5,7.17,7.58,7.33,7.33,10.0,10.0,10.0,7.33
859,7.25,7.58,7.83,7.67,7.75,7.75,9.33,9.33,10.0,7.33
860,7.5,7.5,7.25,7.42,7.42,7.33,10.0,10.0,10.0,7.33
861,7.0,7.08,7.33,7.5,7.5,7.33,10.0,10.0,10.0,8.0
862,7.42,7.42,7.42,7.42,7.33,7.33,10.0,10.0,10.0,7.42
863,7.17,7.25,7.17,7.25,7.42,8.25,10.0,10.0,10.0,7.25
864,7.5,7.5,7.33,7.42,7.25,7.25,10.0,10.0,10.0,7.5
865,7.42,7.5,7.17,7.67,7.33,7.42,10.0,10.0,10.0,7.25
866,7.42,7.5,7.33,7.58,7.33,7.33,10.0,10.0,10.0,7.25
867,7.33,7.42,7.33,7.67,7.42,7.25,10.0,10.0,10.0,7.33
868,7.5,7.42,7.25,7.33,7.67,7.25,10.0,10.0,10.0,7.33
869,7.33,7.42,7.33,7.33,7.5,7.67,10.0,10.0,10.0,7.17
870,7.42,7.58,6.92,7.08,7.25,8.0,10.0,10.0,10.0,7.5
871,7.42,7.5,7.25,7.5,7.5,7.25,10.0,10.0,10.0,7.25
872,7.42,7.42,7.08,7.42,7.33,7.42,10.0,10.0,10.0,7.58
873,7.42,7.33,7.17,7.67,7.33,7.42,10.0,10.0,10.0,7.33
874,7.58,7.5,7.33,7.33,7.42,7.25,10.0,10.0,10.0,7.25
875,7.17,7.33,7.33,7.42,7.5,7.33,10.0,10.0,10.0,7.58
876,7.58,7.5,7.25,7.25,7.5,7.25,10.0,10.0,10.0,7.33
877,7.75,7.75,7.75,7.67,5.25,7.83,10.0,10.0,10.0,7.67
878,7.25,7.75,6.92,7.42,7.5,7.58,10.0,10.0,10.0,7.25
879,7.42,7.33,7.25,7.42,7.5,7.42,10.0,10.0,10.0,7.33
880,7.33,7.33,7.5,7.25,7.42,7.33,10.0,10.0,10.0,7.5
881,7.25,7.42,7.25,7.5,7.5,7.42,10.0,10.0,10.0,7.33
882,7.17,7.42,7.33,7.42,7.33,7.42,10.0,10.0,10.0,7.58
883,7.5,7.33,7.5,7.5,7.17,7.17,10.0,10.0,10.0,7.5
884,7.5,7.17,7.17,7.17,7.5,7.08,10.0,10.0,10.0,8.08
885,7.42,7.42,7.67,8.0,7.58,7.5,9.33,9.33,10.0,7.42
886,7.5,7.5,7.5,7.25,7.42,7.25,10.0,10.0,10.0,7.25
887,7.58,7.42,7.33,7.42,7.33,7.33,10.0,10.0,10.0,7.25
888,7.5,7.42,7.08,7.58,7.33,7.33,10.0,10.0,10.0,7.42
889,7.5,7.67,7.33,7.33,7.33,7.33,10.0,10.0,10.0,7.17
890,7.25,7.67,7.58,7.67,7.67,7.58,8.67,10.0,10.0,7.58
891,7.67,7.25,7.17,7.75,7.5,7.25,10.0,10.0,10.0,7.08
892,7.5,7.42,7.33,7.42,7.42,7.42,10.0,10.0,10.0,7.17
893,7.58,7.42,7.25,7.58,7.25,7.17,10.0,10.0,10.0,7.42
894,7.75,7.58,7.25,7.17,7.58,7.33,9.33,10.0,10.0,7.67
895,7.42,7.33,7.33,7.33,7.17,7.83,10.0,10.0,10.0,7.25
896,7.5,7.42,7.08,7.42,7.5,7.33,10.0,10.0,10.0,7.33
897,7.42,7.42,7.08,7.5,7.42,7.33,10.0,10.0,10.0,7.42
898,7.42,7.42,7.25,7.67,7.33,7.25,10.0,10.0,10.0,7.25
899,7.58,7.42,7.5,7.17,7.08,7.58,10.0,10.0,10.0,7.25
900,7.42,7.42,7.33,7.42,7.42,7.33,10.0,10.0,10.0,7.25
901,7.42,7.42,7.17,7.58,7.33,7.33,10.0,10.0,10.0,7.33
902,7.33,7.17,7.08,7.08,8.33,8.25,10.0,10.0,9.33,7.0
903,7.42,7.42,7.33,7.33,7.5,7.25,10.0,10.0,10.0,7.33
904,7.42,7.33,7.17,7.58,7.42,7.5,10.0,10.0,10.0,7.17
905,7.67,7.5,7.42,7.5,6.75,7.42,10.0,10.0,10.0,7.33
906,7.33,7.5,7.25,7.5,7.5,7.17,10.0,10.0,10.0,7.33
907,7.67,7.58,7.42,7.58,7.58,7.42,10.0,10.0,8.67,7.67
908,7.08,7.33,7.58,7.58,7.17,7.5,10.0,10.0,10.0,7.33
909,7.33,7.33,7.17,7.5,7.58,7.33,10.0,10.0,10.0,7.33
910,7.25,7.17,7.33,7.33,7.5,7.75,10.0,10.0,10.0,7.25
911,7.67,7.58,7.17,7.42,7.33,7.42,9.33,10.0,10.0,7.58
912,7.5,7.42,7.33,7.33,7.25,7.33,10.0,10.0,10.0,7.33
913,7.5,7.5,7.33,7.42,7.17,7.25,10.0,10.0,10.0,7.33
914,7.5,7.42,7.25,7.25,7.5,7.25,10.0,10.0,10.0,7.33
915,7.5,7.42,7.33,7.08,7.58,7.25,10.0,10.0,10.0,7.33
916,7.25,7.42,7.25,7.5,7.33,7.33,10.0,10.0,10.0,7.42
917,7.83,7.33,7.08,7.08,7.33,7.5,10.0,10.0,10.0,7.33
918,7.67,7.42,6.92,7.5,7.5,7.17,10.0,10.0,10.0,7.33
919,7.5,7.42,7.17,7.58,7.25,7.42,10.0,10.0,10.0,7.17
920,7.42,7.33,7.67,7.33,7.42,7.5,10.0,10.0,9.33,7.5
921,7.58,7.5,7.5,7.67,7.67,7.83,9.33,9.33,9.33,7.75
922,7.42,7.33,7.25,7.42,7.42,7.33,10.0,10.0,10.0,7.33
923,7.5,7.42,7.25,7.25,7.33,7.33,10.0,10.0,10.0,7.42
924,7.33,7.33,7.17,7.42,7.5,7.5,10.0,10.0,10.0,7.25
925,7.58,7.42,7.25,7.42,7.33,7.33,10.0,10.0,10.0,7.17
926,7.42,7.25,7.17,7.42,7.17,8.0,10.0,10.0,10.0,7.08
927,7.33,7.5,7.33,7.33,7.33,7.42,10.0,10.0,10.0,7.25
928,7.42,7.42,7.33,7.17,7.25,7.42,10.0,10.0,10.0,7.5
929,7.5,7.5,7.25,7.5,7.42,7.58,9.33,10.0,10.0,7.42
930,7.75,7.17,7.17,7.33,7.58,7.33,10.0,10.0,10.0,7.17
931,7.5,7.42,7.17,7.42,7.5,7.33,10.0,10.0,10.0,7.17
932,7.33,7.5,7.33,7.42,7.17,7.33,10.0,10.0,10.0,7.42
933,7.42,7.42,7.17,7.42,7.42,7.33,10.0,10.0,10.0,7.33
934,7.33,7.33,7.33,7.5,7.5,7.83,9.33,10.0,10.0,7.33
935,7.58,7.33,7.08,7.33,7.5,7.33,10.0,10.0,10.0,7.25
936,7.42,7.33,7.08,7.58,7.33,7.25,10.0,10.0,10.0,7.42
937,7.33,7.5,7.5,7.33,6.83,7.42,10.0,10.0,10.0,7.5
938,7.5,7.33,7.17,7.25,7.5,7.42,10.0,10.0,10.0,7.25
939,7.83,7.75,7.42,7.17,7.08,7.08,10.0,10.0,10.0,7.08
940,7.58,7.17,7.33,7.42,7.08,7.42,10.0,10.0,10.0,7.42
941,7.25,7.5,7.42,7.17,7.33,7.33,10.0,10.0,10.0,7.42
942,7.42,7.5,7.17,7.42,7.42,7.42,10.0,10.0,10.0,7.08
943,7.67,7.33,7.25,7.17,7.25,7.42,10.0,10.0,10.0,7.33
944,7.42,7.42,7.17,7.33,7.42,7.42,10.0,10.0,10.0,7.25
945,7.42,7.33,7.25,7.42,7.42,7.5,10.0,10.0,10.0,7.08
946,7.42,7.33,7.25,7.17,7.25,7.42,10.0,10.0,10.0,7.58
947,7.42,7.42,7.25,7.25,7.5,7.33,10.0,10.0,10.0,7.25
948,7.5,7.42,7.25,7.17,7.17,7.75,10.0,10.0,10.0,7.17
949,7.75,7.33,7.42,7.0,7.33,7.25,10.0,10.0,10.0,7.33
950,7.83,7.0,7.0,7.58,7.58,7.5,10.0,10.0,10.0,6.92
951,7.5,7.33,7.33,7.17,7.33,7.42,10.0,10.0,10.0,7.25
952,7.5,7.5,7.0,7.17,7.5,7.33,10.0,10.0,10.0,7.33
953,7.67,7.42,7.0,7.42,7.58,7.08,10.0,10.0,10.0,7.17
954,7.25,7.33,7.33,7.33,7.33,7.42,10.0,10.0,10.0,7.33
955,7.58,7.42,7.17,7.42,7.17,7.17,10.0,10.0,10.0,7.42
956,7.17,7.33,7.42,7.25,7.42,7.33,10.0,10.0,10.0,7.42
957,7.08,7.33,7.42,7.33,7.33,7.5,10.0,10.0,10.0,7.33
958,7.75,7.33,7.08,7.33,7.33,7.25,10.0,10.0,10.0,7.25
959,7.33,7.33,7.17,7.33,7.5,7.33,10.0,10.0,10.0,7.33
960,7.58,7.42,7.25,7.33,7.25,7.25,10.0,10.0,10.0,7.25
961,7.33,7.25,7.17,7.42,7.58,7.33,10.0,10.0,10.0,7.25
962,7.5,7.58,7.5,7.5,7.75,7.83,9.33,9.33,9.33,7.58
963,7.83,7.75,7.67,7.83,7.83,7.75,9.33,10.0,10.0,5.25
964,7.17,7.42,7.17,7.08,6.92,8.17,10.0,10.0,10.0,7.33
965,7.08,7.5,7.33,7.17,7.42,7.25,10.0,10.0,10.0,7.5
966,7.42,7.17,7.17,7.5,7.33,7.25,10.0,10.0,10.0,7.42
967,7.33,7.42,7.17,7.25,7.42,7.33,10.0,10.0,10.0,7.33
968,7.33,7.17,7.17,7.5,7.25,7.42,10.0,10.0,10.0,7.42
969,7.5,7.5,7.25,7.25,7.25,7.25,10.0,10.0,10.0,7.25
970,7.5,7.33,7.5,7.58,7.0,7.25,10.0,10.0,10.0,7.08
971,7.42,7.42,7.33,7.33,7.5,7.42,9.33,10.0,10.0,7.5
972,7.33,7.5,7.17,7.17,7.58,7.17,10.0,10.0,10.0,7.25
973,7.67,7.17,7.17,7.33,7.5,7.17,10.0,10.0,10.0,7.17
974,7.75,7.58,7.08,7.25,7.08,7.25,10.0,10.0,10.0,7.17
975,7.5,7.5,7.33,7.17,7.08,7.17,10.0,10.0,10.0,7.42
976,7.42,7.33,7.0,7.42,7.33,7.33,10.0,10.0,10.0,7.33
977,6.83,7.42,7.42,7.17,7.5,7.42,10.0,10.0,10.0,7.42
978,7.25,7.25,7.25,7.08,7.58,7.5,10.0,10.0,10.0,7.25
979,7.58,7.17,7.17,7.33,7.33,7.25,10.0,10.0,10.0,7.33
980,7.58,7.25,7.33,7.08,7.33,7.33,10.0,10.0,10.0,7.25
981,7.33,7.08,7.33,7.25,7.33,7.58,10.0,10.0,10.0,7.25
982,7.42,7.42,7.17,7.42,7.33,7.25,10.0,10.0,10.0,7.17
983,7.42,7.25,7.08,7.75,7.42,7.17,10.0,10.0,10.0,7.08
984,7.42,7.25,7.33,7.25,7.25,7.42,10.0,10.0,10.0,7.25
985,7.42,7.33,7.25,7.42,7.5,7.17,10.0,10.0,10.0,7.08
986,7.25,7.75,7.67,7.67,7.42,7.67,8.67,9.33,10.0,7.75
987,7.42,7.33,7.17,7.33,7.42,7.17,10.0,10.0,10.0,7.25
988,7.58,7.42,7.5,7.25,7.75,7.58,9.33,10.0,9.33,7.33
989,7.33,7.33,7.33,7.42,7.33,7.33,10.0,10.0,10.0,7.0
990,7.42,7.17,7.33,7.42,7.25,7.33,10.0,10.0,10.0,7.17
991,7.42,7.33,7.33,7.25,7.25,7.33,10.0,10.0,10.0,7.17
992,7.42,7.25,7.17,7.25,7.25,7.58,10.0,10.0,10.0,7.17
993,7.67,7.75,7.67,7.58,7.58,7.67,6.67,10.0,10.0,8.5
994,7.25,7.42,7.33,7.33,7.17,7.33,10.0,10.0,10.0,7.25
995,7.33,7.25,7.33,7.42,7.25,7.42,10.0,10.0,10.0,7.08
996,7.33,7.33,7.25,7.42,7.25,7.25,10.0,10.0,10.0,7.25
997,7.42,7.33,7.25,7.42,7.17,7.25,10.0,10.0,10.0,7.25
998,7.42,7.42,7.25,7.58,6.92,7.17,10.0,10.0,10.0,7.33
999,7.25,7.25,7.17,7.5,7.33,7.17,10.0,10.0,10.0,7.33
1000,7.42,7.08,7.08,7.33,7.25,7.58,10.0,10.0,10.0,7.25
1001,7.33,7.17,7.17,7.67,7.33,7.17,10.0,10.0,10.0,7.17
1002,7.42,7.25,7.17,7.5,7.25,7.17,10.0,10.0,10.0,7.25
1003,7.67,7.5,7.42,5.25,7.67,7.75,10.0,10.0,10.0,7.75
1004,7.5,7.25,7.0,7.25,7.5,7.25,10.0,10.0,10.0,7.25
1005,7.25,7.17,7.17,7.25,7.5,7.33,10.0,10.0,10.0,7.33
1006,7.42,7.25,7.25,7.33,7.25,7.17,10.0,10.0,10.0,7.33
1007,7.67,7.75,7.83,7.75,7.83,7.75,10.0,6.67,10.0,7.75
1008,7.33,7.33,7.08,7.42,7.17,7.33,10.0,10.0,10.0,7.33
1009,7.33,6.92,7.17,7.33,7.42,7.42,10.0,10.0,10.0,7.42
1010,7.5,6.92,7.33,7.33,7.33,7.33,10.0,10.0,10.0,7.25
1011,7.33,7.42,7.25,7.42,7.25,7.17,10.0,10.0,10.0,7.17
1012,7.08,7.33,7.33,7.33,7.42,7.25,10.0,10.0,10.0,7.25
1013,7.58,7.67,7.5,7.67,7.58,7.5,8.0,10.0,10.0,7.5
1014,7.33,7.17,7.25,7.33,7.33,7.25,10.0,10.0,10.0,7.25
1015,7.67,7.67,7.33,7.58,7.67,7.5,9.33,9.33,9.33,7.5
1016,7.17,7.58,7.5,7.5,8.0,7.75,10.0,10.0,10.0,5.42
1017,7.5,7.33,7.17,7.42,7.5,7.33,9.33,10.0,10.0,7.33
1018,7.17,7.42,7.0,7.58,7.33,7.0,10.0,10.0,10.0,7.42
1019,7.42,7.08,7.17,7.17,7.58,7.25,10.0,10.0,10.0,7.25
1020,7.33,7.17,7.17,7.25,7.42,7.33,10.0,10.0,10.0,7.25
1021,7.25,7.33,7.25,7.25,7.25,7.33,10.0,10.0,10.0,7.25
1022,7.92,7.67,7.33,7.08,7.08,7.08,10.0,10.0,10.0,6.75
1023,7.17,7.42,7.17,7.25,7.25,7.33,10.0,10.0,10.0,7.33
1024,7.33,7.08,7.25,7.0,7.5,7.42,10.0,10.0,10.0,7.33
1025,7.58,7.42,6.92,7.5,7.25,7.17,10.0,10.0,10.0,7.08
1026,7.42,7.25,7.25,7.25,7.25,7.25,10.0,10.0,10.0,7.25
1027,7.25,7.17,7.08,7.08,7.08,8.08,10.0,10.0,10.0,7.17
1028,7.42,7.25,7.25,7.25,7.25,7.25,10.0,10.0,10.0,7.25
1029,7.58,7.33,7.08,7.5,7.17,7.25,10.0,10.0,10.0,7.0
1030,7.67,7.58,7.33,7.33,7.17,7.0,10.0,10.0,10.0,6.83
1031,7.42,7.33,7.17,7.17,7.17,7.25,10.0,10.0,10.0,7.33
1032,7.67,7.25,7.08,7.33,7.17,7.25,10.0,10.0,10.0,7.08
1033,7.17,7.08,7.25,7.42,7.25,7.33,10.0,10.0,10.0,7.33
1034,7.33,7.25,7.33,7.33,7.25,7.17,10.0,10.0,10.0,7.17
1035,7.5,7.17,7.33,7.25,7.17,7.17,10.0,10.0,10.0,7.25
1036,7.42,7.33,7.0,7.25,7.33,7.5,10.0,10.0,10.0,7.0
1037,7.33,7.33,7.0,6.83,7.33,7.67,10.0,10.0,10.0,7.33
1038,7.17,7.25,7.08,7.17,7.25,7.58,10.0,10.0,10.0,7.25
1039,6.92,7.5,7.0,7.58,7.5,7.08,10.0,10.0,10.0,7.17
1040,7.5,7.33,7.0,7.42,7.17,7.17,10.0,10.0,10.0,7.17
1041,7.25,7.25,7.17,7.25,7.33,7.25,10.0,10.0,10.0,7.25
1042,7.5,7.33,7.0,7.42,7.25,7.17,10.0,10.0,10.0,7.08
1043,7.25,7.33,7.17,7.33,7.33,7.17,10.0,10.0,10.0,7.17
1044,7.42,7.17,7.08,7.42,7.25,7.25,10.0,10.0,10.0,7.17
1045,7.25,7.33,7.08,7.5,7.25,7.33,10.0,10.0,10.0,7.0
1046,7.33,7.33,7.25,7.25,7.17,7.17,10.0,10.0,10.0,7.25
1047,7.58,7.33,7.42,7.25,7.5,7.5,9.33,9.33,10.0,7.5
1048,7.42,7.0,7.42,7.25,7.08,7.33,10.0,10.0,10.0,7.25
1049,7.08,7.33,7.17,7.25,7.33,7.67,10.0,10.0,10.0,6.92
1050,7.33,7.08,7.08,7.08,7.42,7.33,10.0,10.0,10.0,7.33
1051,7.58,7.42,7.0,7.67,7.5,7.5,9.33,9.33,10.0,7.33
1052,7.67,7.42,6.83,7.17,7.42,7.17,10.0,10.0,10.0,7.0
1053,7.83,7.5,7.67,7.67,7.83,7.5,6.67,10.0,10.0,8.0
1054,7.5,7.25,7.17,7.17,7.25,7.17,10.0,10.0,10.0,7.17
1055,7.25,7.17,7.17,7.25,7.17,7.42,10.0,10.0,10.0,7.25
1056,7.67,7.5,7.42,7.67,7.5,7.75,10.0,10.0,6.67,8.5
1057,7.67,7.17,7.0,7.5,7.0,7.0,10.0,10.0,10.0,7.33
1058,7.0,7.33,7.5,7.33,7.0,7.33,10.0,10.0,10.0,7.17
1059,7.0,7.5,7.33,7.17,7.17,7.17,10.0,10.0,10.0,7.33
1060,7.17,7.25,7.08,7.42,7.08,7.42,10.0,10.0,10.0,7.25
1061,7.33,7.25,7.33,7.08,7.58,7.25,9.33,10.0,10.0,7.42
1062,7.08,7.5,7.0,7.25,7.42,7.0,10.0,10.0,10.0,7.33
1063,7.25,7.08,7.08,7.33,7.33,7.25,10.0,10.0,10.0,7.25
1064,7.42,7.25,7.33,7.0,7.08,7.25,10.0,10.0,10.0,7.25
1065,7.5,7.17,7.0,7.42,7.33,7.0,10.0,10.0,10.0,7.17
1066,7.17,7.42,6.83,7.5,7.17,7.25,10.0,10.0,10.0,7.25
1067,7.42,7.58,7.5,7.92,7.83,7.83,8.67,8.67,9.33,7.83
1068,7.08,7.25,7.0,7.5,7.08,7.33,10.0,10.0,10.0,7.33
1069,7.17,7.17,7.17,7.42,7.17,7.25,10.0,10.0,10.0,7.17
1070,7.33,7.25,7.08,7.17,7.25,7.17,10.0,10.0,10.0,7.25
1071,7.58,7.33,7.0,7.17,7.33,7.08,10.0,10.0,10.0,7.0
1072,7.25,7.25,7.17,7.17,7.25,7.17,10.0,10.0,10.0,7.25
1073,7.25,7.33,7.17,7.5,7.33,7.25,9.33,10.0,10.0,7.33
1074,7.17,7.33,7.17,7.42,7.25,7.08,10.0,10.0,10.0,7.08
1075,7.5,7.17,6.83,7.5,7.17,7.17,10.0,10.0,10.0,7.17
1076,7.42,7.42,7.08,7.33,7.67,7.5,9.33,9.33,10.0,7.42
1077,7.42,7.33,7.33,7.58,7.58,7.42,8.67,10.0,10.0,7.17
1078,7.5,7.5,7.0,7.67,7.17,7.0,10.0,10.0,10.0,6.67
1079,7.25,7.25,7.08,7.33,7.25,7.17,10.0,10.0,10.0,7.17
1080,7.25,7.42,7.0,7.42,7.33,7.0,10.0,10.0,10.0,7.0
1081,7.58,7.17,7.17,7.17,7.17,7.17,10.0,10.0,10.0,7.0
1082,7.33,7.17,7.08,7.08,7.33,7.17,10.0,10.0,10.0,7.25
1083,7.25,7.08,7.25,7.17,7.33,7.17,10.0,10.0,10.0,7.17
1084,7.25,7.25,7.17,7.25,7.25,7.25,10.0,10.0,10.0,7.0
1085,6.92,7.17,7.08,7.5,7.33,7.17,10.0,10.0,10.0,7.25
1086,7.42,7.08,7.08,7.33,7.25,7.17,10.0,10.0,10.0,7.08
1087,7.08,7.25,7.17,7.33,7.08,7.08,10.0,10.0,10.0,7.33
1088,7.25,7.17,7.0,7.25,7.42,7.08,10.0,10.0,10.0,7.17
1089,7.25,7.17,7.25,7.25,7.25,7.08,10.0,10.0,10.0,7.08
1090,7.25,7.25,7.08,7.25,7.25,7.25,10.0,10.0,10.0,7.0
1091,7.33,7.33,6.83,7.5,7.0,7.17,10.0,10.0,10.0,7.17
1092,7.25,7.08,7.08,7.33,7.33,7.17,10.0,10.0,10.0,7.08
1093,7.17,7.5,6.92,7.33,7.67,7.33,9.33,10.0,10.0,7.08
1094,7.25,7.25,7.25,7.33,7.5,8.0,9.33,9.33,10.0,7.08
1095,7.17,7.33,7.42,7.08,7.0,7.0,10.0,10.0,10.0,7.25
1096,7.25,7.25,7.0,7.0,7.42,7.0,10.0,10.0,10.0,7.33
1097,7.25,7.17,7.0,7.33,7.33,7.0,10.0,10.0,10.0,7.17
1098,8.0,7.08,7.0,7.33,7.08,6.92,10.0,10.0,10.0,6.83
1099,7.42,7.0,7.08,7.0,7.17,7.33,10.0,10.0,10.0,7.25
1100,7.08,6.92,7.0,7.25,7.5,7.25,10.0,10.0,10.0,7.25
1101,7.5,7.08,7.67,7.67,7.42,7.58,9.33,9.33,9.33,7.33
1102,7.42,8.0,7.83,7.75,8.08,7.58,8.67,8.67,8.67,7.58
1103,7.25,7.08,7.25,7.25,7.17,7.25,10.0,10.0,10.0,7.0
1104,7.0,7.17,7.33,7.33,7.0,7.17,10.0,10.0,10.0,7.25
1105,7.58,7.33,7.17,7.25,6.75,7.0,10.0,10.0,10.0,7.17
1106,7.42,7.25,7.25,7.58,7.42,7.33,8.67,10.0,10.0,7.25
1107,7.17,7.08,7.08,7.33,7.25,7.08,10.0,10.0,10.0,7.17
1108,7.25,7.25,7.0,7.17,7.08,7.08,10.0,10.0,10.0,7.33
1109,7.33,7.33,7.0,7.17,7.17,7.17,10.0,10.0,10.0,7.0
1110,7.33,7.08,6.92,7.42,7.25,7.08,10.0,10.0,10.0,7.08
1111,7.58,7.42,7.33,7.5,7.08,7.17,8.67,10.0,10.0,7.42
1112,7.33,7.33,7.17,7.08,7.25,7.0,10.0,10.0,10.0,7.0
1113,7.33,7.33,7.0,7.33,7.0,7.0,10.0,10.0,10.0,7.17
1114,7.58,7.5,7.33,7.33,7.67,7.33,9.33,9.33,9.33,7.42
1115,7.17,7.17,7.0,7.17,7.25,7.25,10.0,10.0,10.0,7.08
1116,7.42,7.25,7.25,7.17,7.0,7.0,10.0,10.0,10.0,7.0
1117,7.25,7.17,6.92,7.25,7.17,7.25,10.0,10.0,10.0,7.08
1118,7.25,7.25,7.25,7.25,7.08,7.0,10.0,10.0,10.0,7.0
1119,7.25,7.25,7.25,7.0,7.25,7.08,10.0,10.0,10.0,7.0
1120,7.25,7.25,7.25,7.08,7.17,7.08,10.0,10.0,10.0,7.0
1121,7.33,7.17,7.25,7.08,7.08,7.08,10.0,10.0,10.0,7.08
1122,7.25,7.08,7.0,7.17,7.33,7.17,10.0,10.0,10.0,7.08
1123,7.33,7.08,6.92,7.08,7.42,7.17,10.0,10.0,10.0,7.0
1124,7.17,7.33,7.0,7.42,7.17,7.0,10.0,10.0,10.0,6.92
1125,7.58,7.75,7.42,7.5,7.5,7.5,8.67,8.67,10.0,7.42
1126,7.25,7.25,7.25,7.0,7.25,7.0,10.0,10.0,10.0,7.0
1127,7.33,6.67,7.08,7.42,7.42,7.08,10.0,10.0,10.0,7.0
1128,7.25,7.25,7.08,7.17,7.33,7.33,9.33,10.0,10.0,7.25
1129,7.08,7.33,7.0,7.33,7.08,7.0,10.0,10.0,10.0,7.17
1130,7.42,7.42,7.5,7.92,7.75,7.58,8.67,9.33,8.67,7.75
1131,7.83,7.67,7.58,7.75,7.83,7.17,6.67,10.0,10.0,7.42
1132,7.5,7.0,7.0,6.92,7.33,7.17,10.0,10.0,10.0,7.0
1133,7.33,7.08,7.08,7.33,7.42,7.17,9.33,10.0,10.0,7.17
1134,7.17,7.17,6.92,7.25,7.33,7.08,10.0,10.0,10.0,7.0
1135,7.5,7.17,7.0,7.17,7.25,7.08,10.0,10.0,10.0,6.75
1136,7.17,7.08,7.08,7.08,7.5,7.33,9.33,10.0,10.0,7.33
1137,7.33,7.25,7.0,7.42,7.17,7.17,9.33,10.0,10.0,7.25
1138,7.17,7.33,7.08,7.58,7.33,7.08,10.0,9.33,10.0,7.0
1139,7.5,7.42,7.58,7.42,7.5,7.58,8.67,8.67,10.0,7.58
1140,7.0,7.08,7.0,7.17,7.25,7.25,10.0,10.0,10.0,7.08
1141,7.33,7.25,6.92,7.33,7.25,7.33,9.33,10.0,10.0,7.08
1142,6.83,7.17,7.17,6.92,7.5,7.08,10.0,10.0,10.0,7.17
1143,7.17,7.08,7.0,7.25,7.5,7.0,10.0,10.0,10.0,6.83
1144,7.58,7.08,6.83,7.17,7.5,7.17,9.33,10.0,10.0,7.17
1145,7.5,7.42,7.25,7.58,7.33,7.42,9.33,9.33,9.33,7.25
1146,7.75,7.33,7.17,7.33,7.67,7.83,9.33,9.33,8.67,7.33
1147,7.08,7.08,7.25,7.0,7.17,7.17,10.0,10.0,10.0,7.0
1148,7.25,7.08,6.92,7.5,7.08,6.92,10.0,10.0,10.0,7.0
1149,7.0,7.08,7.0,7.25,7.5,7.42,9.33,10.0,10.0,7.17
1150,7.58,7.5,7.67,7.75,7.67,7.58,8.0,8.0,10.0,8.0
1151,7.58,7.08,7.0,7.0,7.5,6.92,10.0,10.0,10.0,6.67
1152,7.58,7.08,6.92,7.58,7.5,6.92,10.0,9.33,10.0,6.83
1153,7.25,7.08,7.0,7.17,7.17,7.08,10.0,10.0,10.0,7.0
1154,7.25,7.17,7.17,7.08,7.17,7.0,10.0,10.0,10.0,6.92
1155,7.33,7.25,7.0,7.08,7.08,7.0,10.0,10.0,10.0,7.0
1156,7.58,7.33,7.5,7.33,7.0,7.33,9.33,9.33,9.33,7.67
1157,7.25,6.83,6.92,7.08,7.25,7.08,10.0,10.0,10.0,7.33
1158,7.42,7.42,7.25,7.58,7.42,7.33,9.33,9.33,9.33,7.25
1159,7.25,7.08,7.0,6.83,7.33,7.17,10.0,10.0,10.0,7.0
1160,6.92,7.17,6.83,7.42,7.17,7.08,10.0,10.0,10.0,7.08
1161,7.5,7.0,6.83,7.08,7.08,7.17,10.0,10.0,10.0,7.0
1162,7.42,7.25,6.83,7.58,7.17,6.58,10.0,10.0,10.0,6.83
1163,7.33,7.17,7.0,6.75,7.08,7.0,10.0,10.0,10.0,7.33
1164,6.92,7.17,7.17,7.17,7.08,7.08,10.0,10.0,10.0,7.08
1165,7.17,7.17,7.0,7.0,7.25,6.92,10.0,10.0,10.0,7.17
1166,7.08,7.0,6.92,7.33,7.25,7.08,10.0,10.0,10.0,6.92
1167,7.25,6.92,6.92,7.33,7.25,7.0,10.0,10.0,10.0,6.92
1168,7.25,7.17,7.0,6.75,7.17,7.33,10.0,10.0,10.0,6.92
1169,7.08,7.0,6.83,7.33,7.25,7.0,10.0,10.0,10.0,7.08
1170,6.92,6.92,7.0,7.42,7.25,7.0,10.0,10.0,10.0,7.0
1171,6.92,7.0,7.17,7.0,7.42,7.0,10.0,10.0,10.0,7.0
1172,7.83,7.5,7.42,7.42,7.67,7.5,10.0,6.67,10.0,7.5
1173,7.25,7.08,6.92,7.25,7.58,7.08,9.33,10.0,10.0,7.0
1174,7.25,7.33,7.0,7.25,7.17,7.17,9.33,10.0,10.0,7.0
1175,7.08,7.33,7.25,7.58,7.33,7.42,9.33,9.33,9.33,7.42
1176,7.25,7.33,6.83,7.0,7.0,7.17,10.0,10.0,10.0,6.83
1177,7.0,6.83,6.83,7.42,7.33,7.17,10.0,10.0,10.0,6.83
1178,7.42,7.25,6.83,7.0,7.33,7.08,9.33,10.0,10.0,7.08
1179,7.42,7.25,6.75,7.25,7.42,7.25,9.33,9.33,10.0,7.33
1180,7.0,7.0,6.83,7.33,7.42,6.92,10.0,10.0,10.0,6.83
1181,7.42,7.17,7.08,7.17,7.08,7.08,9.33,10.0,10.0,7.0
1182,7.17,6.5,6.33,7.25,7.58,7.33,10.0,10.0,10.0,7.17
1183,7.08,6.83,6.83,7.25,7.42,7.08,10.0,10.0,10.0,6.75
1184,7.0,7.0,6.92,7.17,7.17,7.08,10.0,10.0,10.0,6.92
1185,7.33,7.42,7.33,7.42,7.5,7.42,8.67,9.33,9.33,7.42
1186,7.58,7.0,6.75,6.92,7.0,6.92,10.0,10.0,10.0,7.0
1187,7.08,7.0,6.92,7.42,7.0,6.92,10.0,10.0,10.0,6.83
1188,7.25,7.17,6.75,7.25,7.0,6.92,10.0,10.0,10.0,6.83
1189,7.17,7.42,7.5,8.0,7.25,7.83,10.0,10.0,6.67,7.33
1190,7.25,7.08,6.92,7.08,7.17,7.17,9.33,10.0,10.0,7.17
1191,7.17,6.92,6.92,7.08,7.17,7.0,10.0,10.0,10.0,6.92
1192,6.75,6.75,6.83,7.25,7.58,7.08,10.0,10.0,10.0,6.92
1193,7.58,7.67,7.42,7.42,7.67,7.67,8.67,8.67,8.67,7.67
1194,7.42,7.08,6.75,7.33,7.33,6.92,10.0,9.33,10.0,6.92
1195,7.33,7.0,6.92,7.25,7.33,7.08,9.33,10.0,10.0,6.83
1196,7.25,7.08,6.75,7.33,7.42,7.0,9.33,10.0,10.0,6.92
1197,7.17,7.25,7.25,7.17,7.25,7.08,9.33,9.33,10.0,7.25
1198,6.75,6.75,6.42,6.83,7.58,7.5,10.0,10.0,10.0,7.25
1199,7.33,7.17,6.58,7.42,7.08,6.83,10.0,10.0,10.0,6.58
1200,7.0,7.0,7.0,7.0,7.0,7.0,10.0,10.0,10.0,7.0
1201,7.67,7.17,7.08,7.25,8.0,7.5,8.67,9.33,9.33,7.0
1202,6.75,7.08,6.67,7.25,7.17,7.08,10.0,10.0,10.0,7.0
1203,7.5,7.17,6.92,7.5,7.25,7.0,8.67,10.0,10.0,7.0
1204,7.17,6.83,6.83,7.25,7.17,6.92,10.0,10.0,10.0,6.83
1205,7.33,7.0,6.75,7.08,7.17,7.25,9.33,10.0,10.0,7.0
1206,7.5,7.0,6.92,7.08,6.92,6.75,10.0,10.0,10.0,6.75
1207,7.17,7.0,6.92,7.0,7.0,7.0,10.0,10.0,10.0,6.75
1208,7.5,6.92,6.92,7.25,7.58,7.42,9.33,9.33,9.33,7.17
1209,7.33,7.08,6.33,7.25,7.0,7.0,10.0,10.0,10.0,6.75
1210,7.25,6.83,6.83,7.0,7.17,7.0,10.0,10.0,10.0,6.67
1211,7.25,7.33,7.17,7.25,7.08,7.0,8.67,10.0,10.0,7.0
1212,7.67,7.17,6.83,7.33,7.58,7.17,9.33,10.0,8.67,7.0
1213,7.0,6.92,6.83,7.17,7.17,7.17,10.0,10.0,9.33,7.08
1214,6.92,6.92,6.67,7.25,7.17,6.92,10.0,10.0,10.0,6.83
1215,7.08,7.0,6.75,6.83,7.08,6.92,10.0,10.0,10.0,6.92
1216,6.83,7.08,6.92,6.75,7.25,7.08,10.0,10.0,10.0,6.67
1217,7.33,7.17,6.92,7.58,7.25,7.17,8.67,9.33,10.0,7.17
1218,6.83,6.75,7.17,7.25,7.0,6.92,10.0,10.0,10.0,6.67
1219,7.0,7.0,6.75,7.33,6.92,6.92,10.0,10.0,10.0,6.67
1220,7.92,7.58,7.58,7.92,7.92,7.5,8.0,6.67,10.0,7.5
1221,7.92,6.83,7.08,7.42,6.75,7.33,8.67,9.33,10.0,7.25
1222,7.25,6.75,6.92,6.92,7.25,7.58,9.33,9.33,10.0,7.17
1223,7.08,6.83,6.83,7.0,7.0,6.92,10.0,10.0,10.0,6.83
1224,7.25,7.17,7.0,6.83,7.58,7.08,8.67,10.0,10.0,6.92
1225,6.83,7.0,6.92,7.08,6.92,6.83,10.0,10.0,10.0,6.83
1226,7.58,7.17,7.0,7.17,7.33,7.0,8.0,10.0,10.0,7.17
1227,7.5,7.75,7.58,7.83,7.92,7.92,7.33,8.0,8.67,7.83
1228,7.17,6.5,6.67,7.0,7.17,7.17,10.0,10.0,10.0,6.67
1229,7.17,7.17,6.5,7.17,7.0,6.83,10.0,10.0,10.0,6.5
1230,7.25,7.25,7.0,7.5,7.33,7.42,8.0,9.33,10.0,7.75
1231,7.17,6.08,6.17,7.25,7.33,7.33,10.0,10.0,10.0,7.0
1232,7.5,7.5,7.33,7.58,7.5,7.42,8.67,8.67,8.67,7.42
1233,7.42,7.33,7.33,7.5,7.67,7.75,8.0,8.67,9.33,7.25
1234,6.92,6.83,6.92,6.92,6.92,6.83,10.0,10.0,10.0,6.83
1235,7.08,6.83,6.67,7.25,7.25,6.92,10.0,9.33,10.0,6.75
1236,7.5,7.08,7.33,7.17,7.5,7.5,6.67,10.0,10.0,7.25
1237,6.83,7.0,6.67,7.0,7.0,6.83,10.0,10.0,10.0,6.67
1238,7.58,7.33,7.5,7.42,7.5,7.33,8.0,8.67,9.33,7.33
1239,7.42,7.25,6.83,7.33,7.0,6.92,9.33,9.33,9.33,7.25
1240,7.33,7.17,6.92,7.08,7.33,7.0,9.33,9.33,9.33,7.17
1241,7.0,6.83,6.83,7.17,6.67,6.83,10.0,10.0,10.0,6.67
1242,7.25,7.33,7.0,7.0,7.25,7.08,10.0,10.0,8.0,7.08
1243,7.42,7.17,7.0,7.17,7.67,7.17,8.67,9.33,9.33,7.08
1244,7.5,7.25,7.42,7.0,7.08,6.83,8.67,9.33,10.0,6.83
1245,7.42,7.25,7.0,7.0,7.25,7.08,8.0,10.0,10.0,6.92
1246,7.17,6.17,6.17,7.08,7.33,6.83,10.0,10.0,10.0,7.17
1247,7.42,7.0,7.0,7.17,7.08,7.0,9.33,8.67,10.0,7.17
1248,7.0,6.75,6.67,6.83,7.08,6.83,10.0,10.0,10.0,6.67
1249,7.0,6.83,6.67,7.17,6.83,6.83,10.0,10.0,10.0,6.5
1250,7.17,6.75,6.58,7.33,7.33,7.17,9.33,9.33,10.0,6.67
1251,7.58,7.67,7.58,7.67,7.42,7.42,9.33,9.33,6.0,7.58
1252,7.17,6.75,6.58,6.75,6.83,6.75,10.0,10.0,10.0,6.67
1253,7.08,6.92,6.33,7.0,6.92,7.0,10.0,10.0,10.0,6.17
1254,7.5,7.33,7.42,7.58,7.58,6.92,8.0,8.0,10.0,7.0
1255,7.33,7.0,6.83,7.17,7.17,7.17,9.33,9.33,9.33,6.67
1256,7.33,7.0,6.67,7.0,6.92,6.92,9.33,9.33,10.0,6.83
1257,6.83,6.83,6.83,6.75,6.92,6.92,9.33,10.0,10.0,6.83
1258,7.08,6.92,6.83,6.67,7.58,7.42,8.67,9.33,10.0,6.75
1259,7.08,7.0,7.0,7.25,7.33,7.25,8.67,8.67,10.0,6.92
1260,7.42,7.75,7.42,7.67,7.92,7.83,8.67,5.33,9.33,7.67
1261,7.67,7.33,7.17,6.67,7.17,7.42,9.33,10.0,6.67,7.42
1262,6.67,6.33,6.42,6.83,7.0,6.92,10.0,10.0,10.0,6.58
1263,6.42,6.5,6.5,7.33,6.33,6.92,10.0,10.0,10.0,6.5
1264,7.17,6.58,6.58,7.0,7.25,6.58,9.33,9.33,10.0,6.58
1265,7.5,7.0,6.83,7.5,7.17,7.33,8.67,8.67,8.67,7.0
1266,6.17,6.5,6.5,7.17,7.0,6.83,10.0,10.0,10.0,6.17
1267,7.25,7.08,6.83,7.17,7.33,6.83,8.67,8.67,9.33,7.08
1268,7.5,7.33,7.33,7.58,7.67,7.25,8.0,8.0,8.0,7.5
1269,7.42,7.0,6.83,7.08,6.92,6.83,7.33,10.0,10.0,6.75
1270,7.33,7.0,6.5,6.08,7.58,6.33,9.33,10.0,9.33,6.67
1271,7.08,6.83,6.83,7.17,7.17,7.08,10.0,7.33,10.0,6.58
1272,6.83,6.83,6.67,6.83,7.0,6.83,9.33,8.67,10.0,7.0
1273,6.83,6.5,6.5,6.92,6.75,7.0,9.33,10.0,9.33,6.67
1274,7.17,7.0,6.83,7.5,7.17,7.0,8.0,8.0,10.0,7.0
1275,7.92,7.58,7.17,7.58,7.33,7.17,8.0,8.0,8.0,6.83
1276,6.67,6.5,6.33,7.0,7.17,6.75,8.67,10.0,10.0,6.5
1277,7.5,7.25,6.92,7.0,7.17,6.83,8.0,8.0,10.0,6.83
1278,7.17,6.92,6.67,6.83,7.25,7.75,10.0,6.0,10.0,6.58
1279,7.25,6.83,6.67,7.08,7.17,6.83,10.0,6.67,10.0,6.67
1280,7.17,7.17,6.83,7.17,7.42,6.67,8.67,7.33,10.0,6.75
1281,7.0,6.92,6.75,6.92,7.17,6.83,10.0,6.67,10.0,6.75
1282,7.08,6.75,6.58,7.0,7.0,6.75,8.67,8.67,10.0,6.42
1283,7.33,6.75,6.67,7.25,7.5,7.0,10.0,5.33,10.0,7.0
1284,6.75,6.5,6.17,7.0,7.25,6.75,8.0,10.0,10.0,6.33
1285,6.75,6.67,6.17,7.17,7.0,6.58,8.0,10.0,10.0,6.42
1286,7.08,7.0,6.83,7.5,7.33,6.83,8.0,7.33,10.0,6.75
1287,7.5,7.25,7.0,7.25,7.42,7.33,8.0,8.67,6.67,7.33
1288,6.5,6.33,6.5,7.5,7.33,6.83,8.67,10.0,8.67,6.0
1289,7.0,6.58,6.67,6.83,7.08,6.83,10.0,6.67,10.0,6.67
1290,6.92,6.42,6.17,7.33,7.25,6.75,10.0,6.67,10.0,6.5
1291,7.67,7.0,7.17,7.58,7.33,7.33,10.0,2.67,10.0,7.08
1292,7.17,7.17,7.17,7.58,7.67,6.92,9.33,6.67,6.67,7.33
1293,7.25,6.58,6.58,7.0,7.0,6.42,8.0,8.0,10.0,6.67
1294,7.0,7.17,6.83,7.17,7.0,7.17,8.0,8.0,8.0,7.08
1295,7.08,7.08,6.92,7.08,6.92,6.92,8.0,8.0,8.0,6.92
1296,8.0,7.33,7.75,7.33,7.42,7.67,6.67,6.67,6.67,7.33
1297,6.92,6.92,6.92,7.5,7.58,7.17,6.67,6.67,9.33,6.92
1298,6.92,6.75,7.08,7.17,7.33,6.67,10.0,5.33,8.67,6.42
1299,6.33,6.5,6.33,6.83,6.33,6.5,10.0,6.67,10.0,6.25
1300,6.92,6.92,6.92,6.92,7.17,7.0,10.0,2.67,10.0,6.58
1301,6.5,6.67,6.42,7.17,7.33,6.5,8.0,6.0,10.0,6.42
1302,6.92,7.0,6.83,6.92,7.42,6.92,6.0,6.0,10.0,6.75
1303,7.0,7.0,6.83,7.0,7.33,6.83,6.0,6.0,10.0,6.67
1304,6.67,6.5,6.17,6.67,6.83,6.17,8.0,8.0,8.0,6.33
1305,7.0,6.17,6.17,6.67,6.5,6.17,8.0,8.0,8.0,6.5
1306,7.0,6.33,6.17,6.5,6.67,6.17,8.0,8.0,8.0,6.33
1307,7.08,6.83,6.25,7.42,7.25,6.75,10.0,0.0,10.0,6.75
1308,6.75,6.58,6.42,6.67,7.08,6.67,9.33,6.0,6.0,6.42
1309,7.25,6.58,6.33,6.25,6.42,6.08,6.0,6.0,6.0,6.17
1310,7.5,6.67,6.67,7.67,7.33,6.67,8.0,1.33,1.33,6.67
